{
  "data": [
    {
      "id": "MDEwOlJlcG9zaXRvcnkyMjQyNzU2MzU=",
      "name": "studyportal",
      "createdAt": "2019-11-26T20:01:56Z",
      "url": "https://github.com/tamojit-123/studyportal",
      "description": "study portal website",
      "isFork": false,
      "languages": [
        {
          "name": "HTML",
          "iconifyClass": "logos-html-5"
        },
        {
          "name": "CSS",
          "iconifyClass": "logos-css-3"
        },
        {
          "name": "JavaScript",
          "iconifyClass": "logos-javascript"
        }
      ]
    },
    {
      "id": "MDEwOlJlcG9zaXRvcnkyNDU0NjcyNzQ=",
      "name": "masterPortfolio",
      "createdAt": "2020-03-06T16:26:54Z",
      "url": "https://github.com/ashutosh1919/masterPortfolio",
      "description": "🔥 The Complete Customizable Software Developer Portfolio Template which lets you showcase your work and provides each and every detail about you as Software Developer.",
      "isFork": false,
      "languages": [
        {
          "name": "HTML",
          "iconifyClass": "logos-html-5"
        },
        {
          "name": "CSS",
          "iconifyClass": "logos-css-3"
        },
        {
          "name": "JavaScript",
          "iconifyClass": "logos-javascript"
        }
      ]
    },
    {
      "id": "MDEwOlJlcG9zaXRvcnkyMTgyODI0NTM=",
      "name": "developerFolio",
      "createdAt": "2019-10-29T12:32:05Z",
      "url": "https://github.com/saadpasta/developerFolio",
      "description": "🚀 Software Developer Portfolio Template that helps you showcase your work and skills as a software developer.",
      "isFork": false,
      "languages": [
        {
          "name": "HTML",
          "iconifyClass": "logos-html-5"
        },
        {
          "name": "JavaScript",
          "iconifyClass": "logos-javascript"
        },
        {
          "name": "CSS",
          "iconifyClass": "logos-css-3"
        }
      ]
    },
    {
      "id": "MDEwOlJlcG9zaXRvcnkzMjA4NzU0MDk=",
      "name": "Web-chat-with-firebase",
      "createdAt": "2020-12-12T16:36:59Z",
      "url": "https://github.com/tamojit-123/Web-chat-with-firebase",
      "description": "Realtime webbased chat with firebase",
      "isFork": false,
      "languages": [
        {
          "name": "CSS",
          "iconifyClass": "logos-css-3"
        },
        {
          "name": "JavaScript",
          "iconifyClass": "logos-javascript"
        }
      ]
    },
    {
      "id": "MDEwOlJlcG9zaXRvcnkxODIzOTAzOTQ=",
      "name": "FreshFoodCart",
      "createdAt": "2019-04-20T10:10:21Z",
      "url": "https://github.com/tamojit-123/FreshFoodCart",
      "description": "online grocery application with ordering. ",
      "isFork": false,
      "languages": [
        {
          "name": "Java",
          "iconifyClass": "logos-java"
        }
      ]
    },
    {
      "id": "MDEwOlJlcG9zaXRvcnkyMjM2OTk5NDk=",
      "name": "Credit-Card-Fraud-Detection",
      "createdAt": "2019-11-24T06:02:33Z",
      "url": "https://github.com/tamojit-123/Credit-Card-Fraud-Detection",
      "description": null,
      "isFork": false,
      "languages": [
        {
          "name": "Jupyter Notebook",
          "iconifyClass": "logos-jupyter"
        }
      ]
    }
  ]
}