{
  "data": [
    {
      "id": "MDExOlB1bGxSZXF1ZXN0NTU2MTY0MTk5",
      "title": "fixed html typos and mistakes",
      "url": "https://github.com/NishantTheProgrammer/ResumeBuilder/pull/1",
      "state": "OPEN",
      "mergedBy": null,
      "createdAt": "2021-01-16T11:57:59Z",
      "number": 1,
      "changedFiles": 10,
      "additions": 79,
      "deletions": 44,
      "baseRepository": {
        "name": "ResumeBuilder",
        "url": "https://github.com/NishantTheProgrammer/ResumeBuilder",
        "owner": {
          "avatarUrl": "https://avatars1.githubusercontent.com/u/52948955?u=ac154cdb4589ba6d4578f179bed3cde3d49fdfa8&v=4",
          "login": "NishantTheProgrammer",
          "url": "https://github.com/NishantTheProgrammer"
        }
      }
    },
    {
      "id": "MDExOlB1bGxSZXF1ZXN0NTUxODAzOTMy",
      "title": "added a waving emoji in greetings.js",
      "url": "https://github.com/ashutosh1919/masterPortfolio/pull/105",
      "state": "CLOSED",
      "mergedBy": null,
      "createdAt": "2021-01-08T15:41:15Z",
      "number": 105,
      "changedFiles": 4,
      "additions": 47,
      "deletions": 16329,
      "baseRepository": {
        "name": "masterPortfolio",
        "url": "https://github.com/ashutosh1919/masterPortfolio",
        "owner": {
          "avatarUrl": "https://avatars3.githubusercontent.com/u/20843596?u=6deb5872cde2e3ab5bf5d48ece503bc8b5b0bcf6&v=4",
          "login": "ashutosh1919",
          "url": "https://github.com/ashutosh1919"
        }
      }
    },
    {
      "id": "MDExOlB1bGxSZXF1ZXN0NTQ5MjQwNDU4",
      "title": "Update README.md",
      "url": "https://github.com/airbnb/javascript/pull/2363",
      "state": "CLOSED",
      "mergedBy": null,
      "createdAt": "2021-01-05T16:26:23Z",
      "number": 2363,
      "changedFiles": 1,
      "additions": 1,
      "deletions": 1,
      "baseRepository": {
        "name": "javascript",
        "url": "https://github.com/airbnb/javascript",
        "owner": {
          "avatarUrl": "https://avatars3.githubusercontent.com/u/698437?v=4",
          "login": "airbnb",
          "url": "https://github.com/airbnb"
        }
      }
    },
    {
      "id": "MDExOlB1bGxSZXF1ZXN0NTQ1ODQxMDkx",
      "title": "upadted html and raedme",
      "url": "https://github.com/rattlecoder123/master-john-doe-portfolio/pull/1",
      "state": "MERGED",
      "mergedBy": {
        "avatarUrl": "https://avatars0.githubusercontent.com/u/22822936?u=bba0b680811afc199fa218fa5b5d5b5af40c3495&v=4",
        "url": "https://github.com/rattlecoder123",
        "login": "rattlecoder123"
      },
      "createdAt": "2020-12-27T18:17:58Z",
      "number": 1,
      "changedFiles": 5,
      "additions": 28,
      "deletions": 0,
      "baseRepository": {
        "name": "master-john-doe-portfolio",
        "url": "https://github.com/rattlecoder123/master-john-doe-portfolio",
        "owner": {
          "avatarUrl": "https://avatars0.githubusercontent.com/u/22822936?u=bba0b680811afc199fa218fa5b5d5b5af40c3495&v=4",
          "login": "rattlecoder123",
          "url": "https://github.com/rattlecoder123"
        }
      }
    },
    {
      "id": "MDExOlB1bGxSZXF1ZXN0NTQ1NzEzNDk3",
      "title": "Updated experience text color with respect to theme",
      "url": "https://github.com/ashutosh1919/masterPortfolio/pull/101",
      "state": "CLOSED",
      "mergedBy": null,
      "createdAt": "2020-12-26T16:48:59Z",
      "number": 101,
      "changedFiles": 1,
      "additions": 5,
      "deletions": 5,
      "baseRepository": {
        "name": "masterPortfolio",
        "url": "https://github.com/ashutosh1919/masterPortfolio",
        "owner": {
          "avatarUrl": "https://avatars3.githubusercontent.com/u/20843596?u=6deb5872cde2e3ab5bf5d48ece503bc8b5b0bcf6&v=4",
          "login": "ashutosh1919",
          "url": "https://github.com/ashutosh1919"
        }
      }
    },
    {
      "id": "MDExOlB1bGxSZXF1ZXN0NTQ1NzEyODc4",
      "title": "Updated splash background",
      "url": "https://github.com/ashutosh1919/masterPortfolio/pull/100",
      "state": "CLOSED",
      "mergedBy": null,
      "createdAt": "2020-12-26T16:41:23Z",
      "number": 100,
      "changedFiles": 1,
      "additions": 1,
      "deletions": 1,
      "baseRepository": {
        "name": "masterPortfolio",
        "url": "https://github.com/ashutosh1919/masterPortfolio",
        "owner": {
          "avatarUrl": "https://avatars3.githubusercontent.com/u/20843596?u=6deb5872cde2e3ab5bf5d48ece503bc8b5b0bcf6&v=4",
          "login": "ashutosh1919",
          "url": "https://github.com/ashutosh1919"
        }
      }
    },
    {
      "id": "MDExOlB1bGxSZXF1ZXN0NTQ1NzEyNjI3",
      "title": "Updated theme.js",
      "url": "https://github.com/ashutosh1919/masterPortfolio/pull/99",
      "state": "CLOSED",
      "mergedBy": null,
      "createdAt": "2020-12-26T16:38:24Z",
      "number": 99,
      "changedFiles": 1,
      "additions": 76,
      "deletions": 3,
      "baseRepository": {
        "name": "masterPortfolio",
        "url": "https://github.com/ashutosh1919/masterPortfolio",
        "owner": {
          "avatarUrl": "https://avatars3.githubusercontent.com/u/20843596?u=6deb5872cde2e3ab5bf5d48ece503bc8b5b0bcf6&v=4",
          "login": "ashutosh1919",
          "url": "https://github.com/ashutosh1919"
        }
      }
    },
    {
      "id": "MDExOlB1bGxSZXF1ZXN0NTQ1NjEzODY0",
      "title": "Updated themes ",
      "url": "https://github.com/ashutosh1919/masterPortfolio/pull/98",
      "state": "CLOSED",
      "mergedBy": null,
      "createdAt": "2020-12-25T17:01:41Z",
      "number": 98,
      "changedFiles": 1,
      "additions": 25,
      "deletions": 1,
      "baseRepository": {
        "name": "masterPortfolio",
        "url": "https://github.com/ashutosh1919/masterPortfolio",
        "owner": {
          "avatarUrl": "https://avatars3.githubusercontent.com/u/20843596?u=6deb5872cde2e3ab5bf5d48ece503bc8b5b0bcf6&v=4",
          "login": "ashutosh1919",
          "url": "https://github.com/ashutosh1919"
        }
      }
    },
    {
      "id": "MDExOlB1bGxSZXF1ZXN0NTQ0OTkwOTY1",
      "title": "Updated Readme",
      "url": "https://github.com/ashutosh1919/masterPortfolio/pull/96",
      "state": "CLOSED",
      "mergedBy": null,
      "createdAt": "2020-12-23T19:17:41Z",
      "number": 96,
      "changedFiles": 1,
      "additions": 1,
      "deletions": 1,
      "baseRepository": {
        "name": "masterPortfolio",
        "url": "https://github.com/ashutosh1919/masterPortfolio",
        "owner": {
          "avatarUrl": "https://avatars3.githubusercontent.com/u/20843596?u=6deb5872cde2e3ab5bf5d48ece503bc8b5b0bcf6&v=4",
          "login": "ashutosh1919",
          "url": "https://github.com/ashutosh1919"
        }
      }
    },
    {
      "id": "MDExOlB1bGxSZXF1ZXN0NTQ0ODkyMTM4",
      "title": "Updated Readme",
      "url": "https://github.com/saadpasta/developerFolio/pull/289",
      "state": "MERGED",
      "mergedBy": {
        "avatarUrl": "https://avatars2.githubusercontent.com/u/23307811?u=eab46b153eef3f5183930e61898b462447af9219&v=4",
        "url": "https://github.com/saadpasta",
        "login": "saadpasta"
      },
      "createdAt": "2020-12-23T15:15:04Z",
      "number": 289,
      "changedFiles": 1,
      "additions": 2,
      "deletions": 0,
      "baseRepository": {
        "name": "developerFolio",
        "url": "https://github.com/saadpasta/developerFolio",
        "owner": {
          "avatarUrl": "https://avatars2.githubusercontent.com/u/23307811?u=eab46b153eef3f5183930e61898b462447af9219&v=4",
          "login": "saadpasta",
          "url": "https://github.com/saadpasta"
        }
      }
    },
    {
      "id": "MDExOlB1bGxSZXF1ZXN0NTQ0ODY0MTQ1",
      "title": "Updated Readme",
      "url": "https://github.com/ashutosh1919/masterPortfolio/pull/94",
      "state": "MERGED",
      "mergedBy": {
        "avatarUrl": "https://avatars3.githubusercontent.com/u/20843596?u=6deb5872cde2e3ab5bf5d48ece503bc8b5b0bcf6&v=4",
        "url": "https://github.com/ashutosh1919",
        "login": "ashutosh1919"
      },
      "createdAt": "2020-12-23T14:36:38Z",
      "number": 94,
      "changedFiles": 1,
      "additions": 2,
      "deletions": 0,
      "baseRepository": {
        "name": "masterPortfolio",
        "url": "https://github.com/ashutosh1919/masterPortfolio",
        "owner": {
          "avatarUrl": "https://avatars3.githubusercontent.com/u/20843596?u=6deb5872cde2e3ab5bf5d48ece503bc8b5b0bcf6&v=4",
          "login": "ashutosh1919",
          "url": "https://github.com/ashutosh1919"
        }
      }
    },
    {
      "id": "MDExOlB1bGxSZXF1ZXN0NTQzOTkyMDA5",
      "title": "Updated readme.md",
      "url": "https://github.com/twbs/bootstrap/pull/32588",
      "state": "CLOSED",
      "mergedBy": null,
      "createdAt": "2020-12-22T09:28:50Z",
      "number": 32588,
      "changedFiles": 1,
      "additions": 1,
      "deletions": 1,
      "baseRepository": {
        "name": "bootstrap",
        "url": "https://github.com/twbs/bootstrap",
        "owner": {
          "avatarUrl": "https://avatars0.githubusercontent.com/u/2918581?v=4",
          "login": "twbs",
          "url": "https://github.com/twbs"
        }
      }
    },
    {
      "id": "MDExOlB1bGxSZXF1ZXN0NTQzOTg3Mjk3",
      "title": "update CONTRIBUTING",
      "url": "https://github.com/firebase/quickstart-android/pull/1234",
      "state": "CLOSED",
      "mergedBy": null,
      "createdAt": "2020-12-22T09:20:54Z",
      "number": 1234,
      "changedFiles": 1,
      "additions": 9,
      "deletions": 9,
      "baseRepository": {
        "name": "quickstart-android",
        "url": "https://github.com/firebase/quickstart-android",
        "owner": {
          "avatarUrl": "https://avatars2.githubusercontent.com/u/1335026?v=4",
          "login": "firebase",
          "url": "https://github.com/firebase"
        }
      }
    },
    {
      "id": "MDExOlB1bGxSZXF1ZXN0NTQzOTg1MTAx",
      "title": "updated readme",
      "url": "https://github.com/firebase/quickstart-js/pull/519",
      "state": "CLOSED",
      "mergedBy": null,
      "createdAt": "2020-12-22T09:17:05Z",
      "number": 519,
      "changedFiles": 1,
      "additions": 15,
      "deletions": 15,
      "baseRepository": {
        "name": "quickstart-js",
        "url": "https://github.com/firebase/quickstart-js",
        "owner": {
          "avatarUrl": "https://avatars2.githubusercontent.com/u/1335026?v=4",
          "login": "firebase",
          "url": "https://github.com/firebase"
        }
      }
    },
    {
      "id": "MDExOlB1bGxSZXF1ZXN0NTQzOTc4MDgw",
      "title": "Updated CONTRIBUTING.md",
      "url": "https://github.com/firebase/quickstart-android/pull/1233",
      "state": "MERGED",
      "mergedBy": {
        "avatarUrl": "https://avatars2.githubusercontent.com/u/8466666?u=e73da6a49cfa7250763b8dabab6ab15afb72407b&v=4",
        "url": "https://github.com/samtstern",
        "login": "samtstern"
      },
      "createdAt": "2020-12-22T09:04:53Z",
      "number": 1233,
      "changedFiles": 1,
      "additions": 10,
      "deletions": 10,
      "baseRepository": {
        "name": "quickstart-android",
        "url": "https://github.com/firebase/quickstart-android",
        "owner": {
          "avatarUrl": "https://avatars2.githubusercontent.com/u/1335026?v=4",
          "login": "firebase",
          "url": "https://github.com/firebase"
        }
      }
    },
    {
      "id": "MDExOlB1bGxSZXF1ZXN0NTQzOTY3MzA5",
      "title": "Authentication and warning",
      "url": "https://github.com/github/docs/pull/2278",
      "state": "OPEN",
      "mergedBy": null,
      "createdAt": "2020-12-22T08:44:26Z",
      "number": 2278,
      "changedFiles": 1,
      "additions": 2,
      "deletions": 1,
      "baseRepository": {
        "name": "docs",
        "url": "https://github.com/github/docs",
        "owner": {
          "avatarUrl": "https://avatars1.githubusercontent.com/u/9919?v=4",
          "login": "github",
          "url": "https://github.com/github"
        }
      }
    }
  ],
  "open": 2,
  "closed": 10,
  "merged": 4,
  "totalCount": 16
}