{
  "v": "5.5.2",
  "fr": 50,
  "ip": 0,
  "op": 200,
  "w": 500,
  "h": 500,
  "nm": "Cloud Print",
  "ddd": 0,
  "assets": [],
  "layers": [
    {
      "ddd": 0,
      "ind": 1,
      "ty": 4,
      "nm": "W1",
      "parent": 7,
      "sr": 1,
      "ks": {
        "o": {
          "a": 0,
          "k": 100,
          "ix": 11
        },
        "r": {
          "a": 0,
          "k": 0,
          "ix": 10
        },
        "p": {
          "a": 0,
          "k": [
            38.294,
            45.929,
            0
          ],
          "ix": 2
        },
        "a": {
          "a": 0,
          "k": [
            38.294,
            45.929,
            0
          ],
          "ix": 1
        },
        "s": {
          "a": 0,
          "k": [
            100,
            100,
            100
          ],
          "ix": 6
        }
      },
      "ao": 0,
      "shapes": [
        {
          "ty": "gr",
          "it": [
            {
              "ind": 0,
              "ty": "sh",
              "ix": 1,
              "ks": {
                "a": 0,
                "k": {
                  "i": [
                    [
                      0,
                      0
                    ],
                    [
                      -1.663,
                      0
                    ],
                    [
                      -1.361,
                      -0.919
                    ]
                  ],
                  "o": [
                    [
                      1.312,
                      -0.824
                    ],
                    [
                      1.766,
                      0
                    ],
                    [
                      0,
                      0
                    ]
                  ],
                  "v": [
                    [
                      -4.648,
                      0.572
                    ],
                    [
                      -0.12,
                      -0.728
                    ],
                    [
                      4.648,
                      0.728
                    ]
                  ],
                  "c": false
                },
                "ix": 2
              },
              "nm": "Path 1",
              "mn": "ADBE Vector Shape - Group",
              "hd": false
            },
            {
              "ty": "st",
              "c": {
                "a": 0,
                "k": [
                  1,
                  1,
                  1,
                  1
                ],
                "ix": 3
              },
              "o": {
                "a": 0,
                "k": 100,
                "ix": 4
              },
              "w": {
                "a": 0,
                "k": 3,
                "ix": 5
              },
              "lc": 1,
              "lj": 1,
              "ml": 10,
              "bm": 0,
              "nm": "Stroke 1",
              "mn": "ADBE Vector Graphic - Stroke",
              "hd": false
            },
            {
              "ty": "tr",
              "p": {
                "a": 0,
                "k": [
                  38.294,
                  45.929
                ],
                "ix": 2
              },
              "a": {
                "a": 0,
                "k": [
                  0,
                  0
                ],
                "ix": 1
              },
              "s": {
                "a": 0,
                "k": [
                  100,
                  100
                ],
                "ix": 3
              },
              "r": {
                "a": 0,
                "k": 0,
                "ix": 6
              },
              "o": {
                "a": 0,
                "k": 100,
                "ix": 7
              },
              "sk": {
                "a": 0,
                "k": 0,
                "ix": 4
              },
              "sa": {
                "a": 0,
                "k": 0,
                "ix": 5
              },
              "nm": "Transform"
            }
          ],
          "nm": "Group 1",
          "np": 2,
          "cix": 2,
          "bm": 0,
          "ix": 1,
          "mn": "ADBE Vector Group",
          "hd": false
        },
        {
          "ty": "tm",
          "s": {
            "a": 1,
            "k": [
              {
                "i": {
                  "x": [
                    0.667
                  ],
                  "y": [
                    1
                  ]
                },
                "o": {
                  "x": [
                    0.333
                  ],
                  "y": [
                    0
                  ]
                },
                "t": 122,
                "s": [
                  0
                ]
              },
              {
                "t": 132,
                "s": [
                  100
                ]
              }
            ],
            "ix": 1
          },
          "e": {
            "a": 1,
            "k": [
              {
                "i": {
                  "x": [
                    0.667
                  ],
                  "y": [
                    1
                  ]
                },
                "o": {
                  "x": [
                    0.333
                  ],
                  "y": [
                    0
                  ]
                },
                "t": 0,
                "s": [
                  0
                ]
              },
              {
                "t": 16,
                "s": [
                  100
                ]
              }
            ],
            "ix": 2
          },
          "o": {
            "a": 0,
            "k": 0,
            "ix": 3
          },
          "m": 1,
          "ix": 2,
          "nm": "Trim Paths 1",
          "mn": "ADBE Vector Filter - Trim",
          "hd": false
        }
      ],
      "ip": 0,
      "op": 194,
      "st": 0,
      "bm": 0
    },
    {
      "ddd": 0,
      "ind": 2,
      "ty": 4,
      "nm": "W2",
      "parent": 7,
      "sr": 1,
      "ks": {
        "o": {
          "a": 0,
          "k": 100,
          "ix": 11
        },
        "r": {
          "a": 0,
          "k": 0,
          "ix": 10
        },
        "p": {
          "a": 0,
          "k": [
            36.98,
            42.294,
            0
          ],
          "ix": 2
        },
        "a": {
          "a": 0,
          "k": [
            36.98,
            42.294,
            0
          ],
          "ix": 1
        },
        "s": {
          "a": 0,
          "k": [
            100,
            100,
            100
          ],
          "ix": 6
        }
      },
      "ao": 0,
      "shapes": [
        {
          "ty": "gr",
          "it": [
            {
              "ind": 0,
              "ty": "sh",
              "ix": 1,
              "ks": {
                "a": 0,
                "k": {
                  "i": [
                    [
                      0,
                      0
                    ],
                    [
                      -4.632,
                      0
                    ],
                    [
                      -2.449,
                      -1.983
                    ]
                  ],
                  "o": [
                    [
                      2.603,
                      -3.422
                    ],
                    [
                      3.395,
                      0
                    ],
                    [
                      0,
                      0
                    ]
                  ],
                  "v": [
                    [
                      -10.156,
                      2.816
                    ],
                    [
                      1.194,
                      -2.816
                    ],
                    [
                      10.156,
                      0.355
                    ]
                  ],
                  "c": false
                },
                "ix": 2
              },
              "nm": "Path 1",
              "mn": "ADBE Vector Shape - Group",
              "hd": false
            },
            {
              "ty": "st",
              "c": {
                "a": 0,
                "k": [
                  1,
                  1,
                  1,
                  1
                ],
                "ix": 3
              },
              "o": {
                "a": 0,
                "k": 100,
                "ix": 4
              },
              "w": {
                "a": 0,
                "k": 3,
                "ix": 5
              },
              "lc": 1,
              "lj": 1,
              "ml": 10,
              "bm": 0,
              "nm": "Stroke 1",
              "mn": "ADBE Vector Graphic - Stroke",
              "hd": false
            },
            {
              "ty": "tr",
              "p": {
                "a": 0,
                "k": [
                  36.98,
                  42.294
                ],
                "ix": 2
              },
              "a": {
                "a": 0,
                "k": [
                  0,
                  0
                ],
                "ix": 1
              },
              "s": {
                "a": 0,
                "k": [
                  100,
                  100
                ],
                "ix": 3
              },
              "r": {
                "a": 0,
                "k": 0,
                "ix": 6
              },
              "o": {
                "a": 0,
                "k": 100,
                "ix": 7
              },
              "sk": {
                "a": 0,
                "k": 0,
                "ix": 4
              },
              "sa": {
                "a": 0,
                "k": 0,
                "ix": 5
              },
              "nm": "Transform"
            }
          ],
          "nm": "Group 2",
          "np": 2,
          "cix": 2,
          "bm": 0,
          "ix": 1,
          "mn": "ADBE Vector Group",
          "hd": false
        },
        {
          "ty": "tm",
          "s": {
            "a": 0,
            "k": 0,
            "ix": 1
          },
          "e": {
            "a": 1,
            "k": [
              {
                "i": {
                  "x": [
                    0.667
                  ],
                  "y": [
                    1
                  ]
                },
                "o": {
                  "x": [
                    0.333
                  ],
                  "y": [
                    0
                  ]
                },
                "t": 6,
                "s": [
                  0
                ]
              },
              {
                "i": {
                  "x": [
                    0.667
                  ],
                  "y": [
                    1
                  ]
                },
                "o": {
                  "x": [
                    0.167
                  ],
                  "y": [
                    0
                  ]
                },
                "t": 25,
                "s": [
                  100
                ]
              },
              {
                "i": {
                  "x": [
                    0.833
                  ],
                  "y": [
                    1
                  ]
                },
                "o": {
                  "x": [
                    0.167
                  ],
                  "y": [
                    0
                  ]
                },
                "t": 115,
                "s": [
                  100
                ]
              },
              {
                "t": 131,
                "s": [
                  0
                ]
              }
            ],
            "ix": 2
          },
          "o": {
            "a": 0,
            "k": 0,
            "ix": 3
          },
          "m": 1,
          "ix": 2,
          "nm": "Trim Paths 1",
          "mn": "ADBE Vector Filter - Trim",
          "hd": false
        }
      ],
      "ip": 0,
      "op": 194,
      "st": 0,
      "bm": 0
    },
    {
      "ddd": 0,
      "ind": 3,
      "ty": 4,
      "nm": "W3",
      "parent": 7,
      "sr": 1,
      "ks": {
        "o": {
          "a": 0,
          "k": 100,
          "ix": 11
        },
        "r": {
          "a": 0,
          "k": 0,
          "ix": 10
        },
        "p": {
          "a": 0,
          "k": [
            40.427,
            41.211,
            0
          ],
          "ix": 2
        },
        "a": {
          "a": 0,
          "k": [
            40.427,
            41.211,
            0
          ],
          "ix": 1
        },
        "s": {
          "a": 0,
          "k": [
            100,
            100,
            100
          ],
          "ix": 6
        }
      },
      "ao": 0,
      "shapes": [
        {
          "ty": "gr",
          "it": [
            {
              "ind": 0,
              "ty": "sh",
              "ix": 1,
              "ks": {
                "a": 0,
                "k": {
                  "i": [
                    [
                      0,
                      0
                    ],
                    [
                      -4.119,
                      0
                    ],
                    [
                      -2.847,
                      -5.598
                    ]
                  ],
                  "o": [
                    [
                      2.964,
                      -2.411
                    ],
                    [
                      6.71,
                      0
                    ],
                    [
                      0,
                      0
                    ]
                  ],
                  "v": [
                    [
                      -13.118,
                      -0.861
                    ],
                    [
                      -2.253,
                      -4.716
                    ],
                    [
                      13.118,
                      4.716
                    ]
                  ],
                  "c": false
                },
                "ix": 2
              },
              "nm": "Path 1",
              "mn": "ADBE Vector Shape - Group",
              "hd": false
            },
            {
              "ty": "st",
              "c": {
                "a": 0,
                "k": [
                  0.885999971278,
                  0.885999971278,
                  0.885999971278,
                  1
                ],
                "ix": 3
              },
              "o": {
                "a": 0,
                "k": 100,
                "ix": 4
              },
              "w": {
                "a": 0,
                "k": 3,
                "ix": 5
              },
              "lc": 1,
              "lj": 1,
              "ml": 10,
              "bm": 0,
              "nm": "Stroke 1",
              "mn": "ADBE Vector Graphic - Stroke",
              "hd": false
            },
            {
              "ty": "tr",
              "p": {
                "a": 0,
                "k": [
                  40.427,
                  41.211
                ],
                "ix": 2
              },
              "a": {
                "a": 0,
                "k": [
                  0,
                  0
                ],
                "ix": 1
              },
              "s": {
                "a": 0,
                "k": [
                  100,
                  100
                ],
                "ix": 3
              },
              "r": {
                "a": 0,
                "k": 0,
                "ix": 6
              },
              "o": {
                "a": 0,
                "k": 100,
                "ix": 7
              },
              "sk": {
                "a": 0,
                "k": 0,
                "ix": 4
              },
              "sa": {
                "a": 0,
                "k": 0,
                "ix": 5
              },
              "nm": "Transform"
            }
          ],
          "nm": "Group 3",
          "np": 2,
          "cix": 2,
          "bm": 0,
          "ix": 1,
          "mn": "ADBE Vector Group",
          "hd": false
        },
        {
          "ty": "tm",
          "s": {
            "a": 1,
            "k": [
              {
                "i": {
                  "x": [
                    0.667
                  ],
                  "y": [
                    1
                  ]
                },
                "o": {
                  "x": [
                    0.333
                  ],
                  "y": [
                    0
                  ]
                },
                "t": 6,
                "s": [
                  59
                ]
              },
              {
                "i": {
                  "x": [
                    0.667
                  ],
                  "y": [
                    1
                  ]
                },
                "o": {
                  "x": [
                    0.167
                  ],
                  "y": [
                    0
                  ]
                },
                "t": 25,
                "s": [
                  0
                ]
              },
              {
                "i": {
                  "x": [
                    0.833
                  ],
                  "y": [
                    1
                  ]
                },
                "o": {
                  "x": [
                    0.167
                  ],
                  "y": [
                    0
                  ]
                },
                "t": 108,
                "s": [
                  0
                ]
              },
              {
                "t": 124,
                "s": [
                  59
                ]
              }
            ],
            "ix": 1
          },
          "e": {
            "a": 0,
            "k": 100,
            "ix": 2
          },
          "o": {
            "a": 0,
            "k": 0,
            "ix": 3
          },
          "m": 1,
          "ix": 2,
          "nm": "Trim Paths 1",
          "mn": "ADBE Vector Filter - Trim",
          "hd": false
        }
      ],
      "ip": 0,
      "op": 194,
      "st": 0,
      "bm": 0
    },
    {
      "ddd": 0,
      "ind": 4,
      "ty": 4,
      "nm": "Mask",
      "parent": 7,
      "sr": 1,
      "ks": {
        "o": {
          "a": 0,
          "k": 100,
          "ix": 11
        },
        "r": {
          "a": 0,
          "k": 0,
          "ix": 10
        },
        "p": {
          "a": 0,
          "k": [
            49.826,
            42.423,
            0
          ],
          "ix": 2
        },
        "a": {
          "a": 0,
          "k": [
            49.826,
            42.423,
            0
          ],
          "ix": 1
        },
        "s": {
          "a": 0,
          "k": [
            100,
            100,
            100
          ],
          "ix": 6
        }
      },
      "ao": 0,
      "shapes": [
        {
          "ty": "gr",
          "it": [
            {
              "ind": 0,
              "ty": "sh",
              "ix": 1,
              "ks": {
                "a": 0,
                "k": {
                  "i": [
                    [
                      0,
                      0
                    ],
                    [
                      8.003,
                      0
                    ],
                    [
                      0,
                      -8.003
                    ],
                    [
                      0,
                      0
                    ],
                    [
                      0,
                      0
                    ]
                  ],
                  "o": [
                    [
                      0,
                      -8.003
                    ],
                    [
                      -8.003,
                      0
                    ],
                    [
                      0,
                      0
                    ],
                    [
                      0,
                      0
                    ],
                    [
                      0,
                      0
                    ]
                  ],
                  "v": [
                    [
                      14.652,
                      4.261
                    ],
                    [
                      0.161,
                      -10.23
                    ],
                    [
                      -14.33,
                      4.261
                    ],
                    [
                      -14.652,
                      10.23
                    ],
                    [
                      14.652,
                      10.23
                    ]
                  ],
                  "c": true
                },
                "ix": 2
              },
              "nm": "Path 1",
              "mn": "ADBE Vector Shape - Group",
              "hd": false
            },
            {
              "ty": "fl",
              "c": {
                "a": 0,
                "k": [
                  0.885999971278,
                  0.885999971278,
                  0.885999971278,
                  1
                ],
                "ix": 4
              },
              "o": {
                "a": 0,
                "k": 100,
                "ix": 5
              },
              "r": 1,
              "bm": 0,
              "nm": "Fill 1",
              "mn": "ADBE Vector Graphic - Fill",
              "hd": false
            },
            {
              "ty": "tr",
              "p": {
                "a": 0,
                "k": [
                  49.826,
                  42.423
                ],
                "ix": 2
              },
              "a": {
                "a": 0,
                "k": [
                  0,
                  0
                ],
                "ix": 1
              },
              "s": {
                "a": 0,
                "k": [
                  100,
                  100
                ],
                "ix": 3
              },
              "r": {
                "a": 0,
                "k": 0,
                "ix": 6
              },
              "o": {
                "a": 0,
                "k": 100,
                "ix": 7
              },
              "sk": {
                "a": 0,
                "k": 0,
                "ix": 4
              },
              "sa": {
                "a": 0,
                "k": 0,
                "ix": 5
              },
              "nm": "Transform"
            }
          ],
          "nm": "Group 4",
          "np": 2,
          "cix": 2,
          "bm": 0,
          "ix": 1,
          "mn": "ADBE Vector Group",
          "hd": false
        }
      ],
      "ip": 0,
      "op": 194,
      "st": 0,
      "bm": 0
    },
    {
      "ddd": 0,
      "ind": 5,
      "ty": 4,
      "nm": "Doc",
      "parent": 7,
      "sr": 1,
      "ks": {
        "o": {
          "a": 0,
          "k": 100,
          "ix": 11
        },
        "r": {
          "a": 0,
          "k": 0,
          "ix": 10
        },
        "p": {
          "a": 1,
          "k": [
            {
              "i": {
                "x": 0.667,
                "y": 1
              },
              "o": {
                "x": 0.333,
                "y": 0
              },
              "t": 25,
              "s": [
                49.897,
                43.522,
                0
              ],
              "to": [
                0,
                3.182,
                0
              ],
              "ti": [
                0,
                -0.225,
                0
              ]
            },
            {
              "i": {
                "x": 0.667,
                "y": 1
              },
              "o": {
                "x": 0.333,
                "y": 0
              },
              "t": 46,
              "s": [
                49.897,
                62.611,
                0
              ],
              "to": [
                0,
                0.089,
                0
              ],
              "ti": [
                0,
                -0.854,
                0
              ]
            },
            {
              "t": 57,
              "s": [
                49.897,
                61.522,
                0
              ],
              "h": 1
            },
            {
              "i": {
                "x": 0.667,
                "y": 1
              },
              "o": {
                "x": 0.167,
                "y": 0
              },
              "t": 96,
              "s": [
                49.897,
                61.522,
                0
              ],
              "to": [
                0,
                0,
                0
              ],
              "ti": [
                0,
                -0.225,
                0
              ]
            },
            {
              "i": {
                "x": 0.667,
                "y": 1
              },
              "o": {
                "x": 0.333,
                "y": 0
              },
              "t": 112,
              "s": [
                49.897,
                62.611,
                0
              ],
              "to": [
                0,
                0.089,
                0
              ],
              "ti": [
                0,
                3.182,
                0
              ]
            },
            {
              "t": 128,
              "s": [
                49.897,
                43.522,
                0
              ]
            }
          ],
          "ix": 2
        },
        "a": {
          "a": 0,
          "k": [
            249.483,
            307.611,
            0
          ],
          "ix": 1
        },
        "s": {
          "a": 0,
          "k": [
            20,
            20,
            100
          ],
          "ix": 6
        }
      },
      "ao": 0,
      "shapes": [
        {
          "ty": "gr",
          "it": [
            {
              "ty": "gr",
              "it": [
                {
                  "ind": 0,
                  "ty": "sh",
                  "ix": 1,
                  "ks": {
                    "a": 0,
                    "k": {
                      "i": [
                        [
                          0,
                          0
                        ],
                        [
                          0,
                          0
                        ],
                        [
                          0,
                          0
                        ],
                        [
                          0,
                          0
                        ]
                      ],
                      "o": [
                        [
                          0,
                          0
                        ],
                        [
                          0,
                          0
                        ],
                        [
                          0,
                          0
                        ],
                        [
                          0,
                          0
                        ]
                      ],
                      "v": [
                        [
                          6.065,
                          0.955
                        ],
                        [
                          -6.065,
                          0.955
                        ],
                        [
                          -6.065,
                          -0.955
                        ],
                        [
                          6.065,
                          -0.955
                        ]
                      ],
                      "c": true
                    },
                    "ix": 2
                  },
                  "nm": "Path 1",
                  "mn": "ADBE Vector Shape - Group",
                  "hd": false
                },
                {
                  "ty": "fl",
                  "c": {
                    "a": 0,
                    "k": [
                      0.957000017166,
                      0.957000017166,
                      0.949000000954,
                      1
                    ],
                    "ix": 4
                  },
                  "o": {
                    "a": 0,
                    "k": 100,
                    "ix": 5
                  },
                  "r": 1,
                  "bm": 0,
                  "nm": "Fill 1",
                  "mn": "ADBE Vector Graphic - Fill",
                  "hd": false
                },
                {
                  "ty": "tr",
                  "p": {
                    "a": 0,
                    "k": [
                      49.897,
                      65.197
                    ],
                    "ix": 2
                  },
                  "a": {
                    "a": 0,
                    "k": [
                      0,
                      0
                    ],
                    "ix": 1
                  },
                  "s": {
                    "a": 0,
                    "k": [
                      100,
                      100
                    ],
                    "ix": 3
                  },
                  "r": {
                    "a": 0,
                    "k": 0,
                    "ix": 6
                  },
                  "o": {
                    "a": 0,
                    "k": 100,
                    "ix": 7
                  },
                  "sk": {
                    "a": 0,
                    "k": 0,
                    "ix": 4
                  },
                  "sa": {
                    "a": 0,
                    "k": 0,
                    "ix": 5
                  },
                  "nm": "Transform"
                }
              ],
              "nm": "Group 5",
              "np": 2,
              "cix": 2,
              "bm": 0,
              "ix": 1,
              "mn": "ADBE Vector Group",
              "hd": false
            },
            {
              "ty": "tr",
              "p": {
                "a": 0,
                "k": [
                  249.485,
                  325.985
                ],
                "ix": 2
              },
              "a": {
                "a": 0,
                "k": [
                  49.897,
                  65.197
                ],
                "ix": 1
              },
              "s": {
                "a": 0,
                "k": [
                  500,
                  500
                ],
                "ix": 3
              },
              "r": {
                "a": 0,
                "k": 0,
                "ix": 6
              },
              "o": {
                "a": 0,
                "k": 100,
                "ix": 7
              },
              "sk": {
                "a": 0,
                "k": 0,
                "ix": 4
              },
              "sa": {
                "a": 0,
                "k": 0,
                "ix": 5
              },
              "nm": "Transform"
            }
          ],
          "nm": "CloudPrint Outlines - Group 5",
          "np": 1,
          "cix": 2,
          "bm": 0,
          "ix": 1,
          "mn": "ADBE Vector Group",
          "hd": false
        },
        {
          "ty": "gr",
          "it": [
            {
              "ty": "gr",
              "it": [
                {
                  "ind": 0,
                  "ty": "sh",
                  "ix": 1,
                  "ks": {
                    "a": 0,
                    "k": {
                      "i": [
                        [
                          0,
                          0
                        ],
                        [
                          0,
                          0
                        ],
                        [
                          0,
                          0
                        ],
                        [
                          0,
                          0
                        ]
                      ],
                      "o": [
                        [
                          0,
                          0
                        ],
                        [
                          0,
                          0
                        ],
                        [
                          0,
                          0
                        ],
                        [
                          0,
                          0
                        ]
                      ],
                      "v": [
                        [
                          6.065,
                          0.955
                        ],
                        [
                          -6.065,
                          0.955
                        ],
                        [
                          -6.065,
                          -0.955
                        ],
                        [
                          6.065,
                          -0.955
                        ]
                      ],
                      "c": true
                    },
                    "ix": 2
                  },
                  "nm": "Path 1",
                  "mn": "ADBE Vector Shape - Group",
                  "hd": false
                },
                {
                  "ty": "fl",
                  "c": {
                    "a": 0,
                    "k": [
                      0.957000017166,
                      0.957000017166,
                      0.949000000954,
                      1
                    ],
                    "ix": 4
                  },
                  "o": {
                    "a": 0,
                    "k": 100,
                    "ix": 5
                  },
                  "r": 1,
                  "bm": 0,
                  "nm": "Fill 1",
                  "mn": "ADBE Vector Graphic - Fill",
                  "hd": false
                },
                {
                  "ty": "tr",
                  "p": {
                    "a": 0,
                    "k": [
                      49.897,
                      61.718
                    ],
                    "ix": 2
                  },
                  "a": {
                    "a": 0,
                    "k": [
                      0,
                      0
                    ],
                    "ix": 1
                  },
                  "s": {
                    "a": 0,
                    "k": [
                      100,
                      100
                    ],
                    "ix": 3
                  },
                  "r": {
                    "a": 0,
                    "k": 0,
                    "ix": 6
                  },
                  "o": {
                    "a": 0,
                    "k": 100,
                    "ix": 7
                  },
                  "sk": {
                    "a": 0,
                    "k": 0,
                    "ix": 4
                  },
                  "sa": {
                    "a": 0,
                    "k": 0,
                    "ix": 5
                  },
                  "nm": "Transform"
                }
              ],
              "nm": "Group 6",
              "np": 2,
              "cix": 2,
              "bm": 0,
              "ix": 1,
              "mn": "ADBE Vector Group",
              "hd": false
            },
            {
              "ty": "tr",
              "p": {
                "a": 0,
                "k": [
                  249.485,
                  308.59
                ],
                "ix": 2
              },
              "a": {
                "a": 0,
                "k": [
                  49.897,
                  61.718
                ],
                "ix": 1
              },
              "s": {
                "a": 0,
                "k": [
                  500,
                  500
                ],
                "ix": 3
              },
              "r": {
                "a": 0,
                "k": 0,
                "ix": 6
              },
              "o": {
                "a": 0,
                "k": 100,
                "ix": 7
              },
              "sk": {
                "a": 0,
                "k": 0,
                "ix": 4
              },
              "sa": {
                "a": 0,
                "k": 0,
                "ix": 5
              },
              "nm": "Transform"
            }
          ],
          "nm": "CloudPrint Outlines - Group 6",
          "np": 1,
          "cix": 2,
          "bm": 0,
          "ix": 2,
          "mn": "ADBE Vector Group",
          "hd": false
        },
        {
          "ty": "gr",
          "it": [
            {
              "ty": "gr",
              "it": [
                {
                  "ind": 0,
                  "ty": "sh",
                  "ix": 1,
                  "ks": {
                    "a": 0,
                    "k": {
                      "i": [
                        [
                          0,
                          0
                        ],
                        [
                          0,
                          0
                        ],
                        [
                          0,
                          0
                        ],
                        [
                          0,
                          0
                        ]
                      ],
                      "o": [
                        [
                          0,
                          0
                        ],
                        [
                          0,
                          0
                        ],
                        [
                          0,
                          0
                        ],
                        [
                          0,
                          0
                        ]
                      ],
                      "v": [
                        [
                          6.065,
                          0.956
                        ],
                        [
                          -6.065,
                          0.956
                        ],
                        [
                          -6.065,
                          -0.956
                        ],
                        [
                          6.065,
                          -0.956
                        ]
                      ],
                      "c": true
                    },
                    "ix": 2
                  },
                  "nm": "Path 1",
                  "mn": "ADBE Vector Shape - Group",
                  "hd": false
                },
                {
                  "ty": "fl",
                  "c": {
                    "a": 0,
                    "k": [
                      0.957000017166,
                      0.957000017166,
                      0.949000000954,
                      1
                    ],
                    "ix": 4
                  },
                  "o": {
                    "a": 0,
                    "k": 100,
                    "ix": 5
                  },
                  "r": 1,
                  "bm": 0,
                  "nm": "Fill 1",
                  "mn": "ADBE Vector Graphic - Fill",
                  "hd": false
                },
                {
                  "ty": "tr",
                  "p": {
                    "a": 0,
                    "k": [
                      49.897,
                      58.238
                    ],
                    "ix": 2
                  },
                  "a": {
                    "a": 0,
                    "k": [
                      0,
                      0
                    ],
                    "ix": 1
                  },
                  "s": {
                    "a": 0,
                    "k": [
                      100,
                      100
                    ],
                    "ix": 3
                  },
                  "r": {
                    "a": 0,
                    "k": 0,
                    "ix": 6
                  },
                  "o": {
                    "a": 0,
                    "k": 100,
                    "ix": 7
                  },
                  "sk": {
                    "a": 0,
                    "k": 0,
                    "ix": 4
                  },
                  "sa": {
                    "a": 0,
                    "k": 0,
                    "ix": 5
                  },
                  "nm": "Transform"
                }
              ],
              "nm": "Group 7",
              "np": 2,
              "cix": 2,
              "bm": 0,
              "ix": 1,
              "mn": "ADBE Vector Group",
              "hd": false
            },
            {
              "ty": "tr",
              "p": {
                "a": 0,
                "k": [
                  249.485,
                  291.188
                ],
                "ix": 2
              },
              "a": {
                "a": 0,
                "k": [
                  49.897,
                  58.238
                ],
                "ix": 1
              },
              "s": {
                "a": 0,
                "k": [
                  500,
                  500
                ],
                "ix": 3
              },
              "r": {
                "a": 0,
                "k": 0,
                "ix": 6
              },
              "o": {
                "a": 0,
                "k": 100,
                "ix": 7
              },
              "sk": {
                "a": 0,
                "k": 0,
                "ix": 4
              },
              "sa": {
                "a": 0,
                "k": 0,
                "ix": 5
              },
              "nm": "Transform"
            }
          ],
          "nm": "CloudPrint Outlines - Group 7",
          "np": 1,
          "cix": 2,
          "bm": 0,
          "ix": 3,
          "mn": "ADBE Vector Group",
          "hd": false
        },
        {
          "ty": "gr",
          "it": [
            {
              "ty": "gr",
              "it": [
                {
                  "ind": 0,
                  "ty": "sh",
                  "ix": 1,
                  "ks": {
                    "a": 1,
                    "k": [
                      {
                        "i": {
                          "x": 0.667,
                          "y": 1
                        },
                        "o": {
                          "x": 0.333,
                          "y": 0
                        },
                        "t": 25,
                        "s": [
                          {
                            "i": [
                              [
                                0.865,
                                0
                              ],
                              [
                                0,
                                0
                              ],
                              [
                                0,
                                0.864
                              ],
                              [
                                0,
                                0
                              ],
                              [
                                0,
                                0
                              ],
                              [
                                0,
                                0
                              ]
                            ],
                            "o": [
                              [
                                0,
                                0
                              ],
                              [
                                -0.865,
                                0
                              ],
                              [
                                0,
                                0
                              ],
                              [
                                0,
                                0
                              ],
                              [
                                0,
                                0
                              ],
                              [
                                0,
                                0.864
                              ]
                            ],
                            "v": [
                              [
                                8.348,
                                8.87
                              ],
                              [
                                -8.348,
                                8.87
                              ],
                              [
                                -9.913,
                                7.305
                              ],
                              [
                                -9.913,
                                -6.67
                              ],
                              [
                                9.913,
                                -6.67
                              ],
                              [
                                9.913,
                                7.305
                              ]
                            ],
                            "c": true
                          }
                        ]
                      },
                      {
                        "i": {
                          "x": 0.667,
                          "y": 1
                        },
                        "o": {
                          "x": 0.167,
                          "y": 0
                        },
                        "t": 46,
                        "s": [
                          {
                            "i": [
                              [
                                0.865,
                                0
                              ],
                              [
                                0,
                                0
                              ],
                              [
                                0,
                                0.864
                              ],
                              [
                                0,
                                0
                              ],
                              [
                                0,
                                0
                              ],
                              [
                                0,
                                0
                              ]
                            ],
                            "o": [
                              [
                                0,
                                0
                              ],
                              [
                                -0.865,
                                0
                              ],
                              [
                                0,
                                0
                              ],
                              [
                                0,
                                0
                              ],
                              [
                                0,
                                0
                              ],
                              [
                                0,
                                0.864
                              ]
                            ],
                            "v": [
                              [
                                8.348,
                                8.87
                              ],
                              [
                                -8.348,
                                8.87
                              ],
                              [
                                -9.913,
                                7.305
                              ],
                              [
                                -9.913,
                                -10.87
                              ],
                              [
                                9.913,
                                -10.87
                              ],
                              [
                                9.913,
                                7.305
                              ]
                            ],
                            "c": true
                          }
                        ]
                      },
                      {
                        "i": {
                          "x": 0.667,
                          "y": 1
                        },
                        "o": {
                          "x": 0.167,
                          "y": 0
                        },
                        "t": 57,
                        "s": [
                          {
                            "i": [
                              [
                                0.865,
                                0
                              ],
                              [
                                0,
                                0
                              ],
                              [
                                0,
                                0.864
                              ],
                              [
                                0,
                                0
                              ],
                              [
                                0,
                                0
                              ],
                              [
                                0,
                                0
                              ]
                            ],
                            "o": [
                              [
                                0,
                                0
                              ],
                              [
                                -0.865,
                                0
                              ],
                              [
                                0,
                                0
                              ],
                              [
                                0,
                                0
                              ],
                              [
                                0,
                                0
                              ],
                              [
                                0,
                                0.864
                              ]
                            ],
                            "v": [
                              [
                                8.348,
                                8.87
                              ],
                              [
                                -8.348,
                                8.87
                              ],
                              [
                                -9.913,
                                7.305
                              ],
                              [
                                -9.913,
                                -10.87
                              ],
                              [
                                9.913,
                                -10.87
                              ],
                              [
                                9.913,
                                7.305
                              ]
                            ],
                            "c": true
                          }
                        ]
                      },
                      {
                        "i": {
                          "x": 0.667,
                          "y": 1
                        },
                        "o": {
                          "x": 0.167,
                          "y": 0
                        },
                        "t": 112,
                        "s": [
                          {
                            "i": [
                              [
                                0.865,
                                0
                              ],
                              [
                                0,
                                0
                              ],
                              [
                                0,
                                0.864
                              ],
                              [
                                0,
                                0
                              ],
                              [
                                0,
                                0
                              ],
                              [
                                0,
                                0
                              ]
                            ],
                            "o": [
                              [
                                0,
                                0
                              ],
                              [
                                -0.865,
                                0
                              ],
                              [
                                0,
                                0
                              ],
                              [
                                0,
                                0
                              ],
                              [
                                0,
                                0
                              ],
                              [
                                0,
                                0.864
                              ]
                            ],
                            "v": [
                              [
                                8.348,
                                8.87
                              ],
                              [
                                -8.348,
                                8.87
                              ],
                              [
                                -9.913,
                                7.305
                              ],
                              [
                                -9.913,
                                -10.87
                              ],
                              [
                                9.913,
                                -10.87
                              ],
                              [
                                9.913,
                                7.305
                              ]
                            ],
                            "c": true
                          }
                        ]
                      },
                      {
                        "t": 128,
                        "s": [
                          {
                            "i": [
                              [
                                0.865,
                                0
                              ],
                              [
                                0,
                                0
                              ],
                              [
                                0,
                                0.864
                              ],
                              [
                                0,
                                0
                              ],
                              [
                                0,
                                0
                              ],
                              [
                                0,
                                0
                              ]
                            ],
                            "o": [
                              [
                                0,
                                0
                              ],
                              [
                                -0.865,
                                0
                              ],
                              [
                                0,
                                0
                              ],
                              [
                                0,
                                0
                              ],
                              [
                                0,
                                0
                              ],
                              [
                                0,
                                0.864
                              ]
                            ],
                            "v": [
                              [
                                8.348,
                                8.87
                              ],
                              [
                                -8.348,
                                8.87
                              ],
                              [
                                -9.913,
                                7.305
                              ],
                              [
                                -9.913,
                                -6.67
                              ],
                              [
                                9.913,
                                -6.67
                              ],
                              [
                                9.913,
                                7.305
                              ]
                            ],
                            "c": true
                          }
                        ]
                      }
                    ],
                    "ix": 2
                  },
                  "nm": "Path 1",
                  "mn": "ADBE Vector Shape - Group",
                  "hd": false
                },
                {
                  "ty": "fl",
                  "c": {
                    "a": 0,
                    "k": [
                      0.49019607843137253,
                      0.33725490196078434,
                      0.7607843137254902,
                      1
                    ],
                    "ix": 4
                  },
                  "o": {
                    "a": 0,
                    "k": 100,
                    "ix": 5
                  },
                  "r": 1,
                  "bm": 0,
                  "nm": "Fill 1",
                  "mn": "ADBE Vector Graphic - Fill",
                  "hd": false
                },
                {
                  "ty": "tr",
                  "p": {
                    "a": 0,
                    "k": [
                      49.897,
                      61.522
                    ],
                    "ix": 2
                  },
                  "a": {
                    "a": 0,
                    "k": [
                      0,
                      0
                    ],
                    "ix": 1
                  },
                  "s": {
                    "a": 0,
                    "k": [
                      100,
                      100
                    ],
                    "ix": 3
                  },
                  "r": {
                    "a": 0,
                    "k": 0,
                    "ix": 6
                  },
                  "o": {
                    "a": 0,
                    "k": 100,
                    "ix": 7
                  },
                  "sk": {
                    "a": 0,
                    "k": 0,
                    "ix": 4
                  },
                  "sa": {
                    "a": 0,
                    "k": 0,
                    "ix": 5
                  },
                  "nm": "Transform"
                }
              ],
              "nm": "Group 8",
              "np": 2,
              "cix": 2,
              "bm": 0,
              "ix": 1,
              "mn": "ADBE Vector Group",
              "hd": false
            },
            {
              "ty": "tr",
              "p": {
                "a": 0,
                "k": [
                  249.483,
                  307.611
                ],
                "ix": 2
              },
              "a": {
                "a": 0,
                "k": [
                  49.897,
                  61.522
                ],
                "ix": 1
              },
              "s": {
                "a": 0,
                "k": [
                  500,
                  500
                ],
                "ix": 3
              },
              "r": {
                "a": 0,
                "k": 0,
                "ix": 6
              },
              "o": {
                "a": 0,
                "k": 100,
                "ix": 7
              },
              "sk": {
                "a": 0,
                "k": 0,
                "ix": 4
              },
              "sa": {
                "a": 0,
                "k": 0,
                "ix": 5
              },
              "nm": "Transform"
            }
          ],
          "nm": "CloudPrint Outlines - Group 8",
          "np": 1,
          "cix": 2,
          "bm": 0,
          "ix": 4,
          "mn": "ADBE Vector Group",
          "hd": false
        }
      ],
      "ip": 0,
      "op": 194,
      "st": 0,
      "bm": 0
    },
    {
      "ddd": 0,
      "ind": 6,
      "ty": 4,
      "nm": "Cloud",
      "parent": 7,
      "sr": 1,
      "ks": {
        "o": {
          "a": 0,
          "k": 100,
          "ix": 11
        },
        "r": {
          "a": 0,
          "k": 0,
          "ix": 10
        },
        "p": {
          "a": 0,
          "k": [
            50.096,
            48.395,
            0
          ],
          "ix": 2
        },
        "a": {
          "a": 0,
          "k": [
            250.48,
            241.973,
            0
          ],
          "ix": 1
        },
        "s": {
          "a": 0,
          "k": [
            20,
            20,
            100
          ],
          "ix": 6
        }
      },
      "ao": 0,
      "shapes": [
        {
          "ty": "gr",
          "it": [
            {
              "ty": "gr",
              "it": [
                {
                  "ind": 0,
                  "ty": "sh",
                  "ix": 1,
                  "ks": {
                    "a": 0,
                    "k": {
                      "i": [
                        [
                          0.794,
                          0
                        ],
                        [
                          0,
                          0
                        ],
                        [
                          0,
                          0.794
                        ],
                        [
                          -0.793,
                          0
                        ],
                        [
                          0,
                          0
                        ],
                        [
                          0,
                          -0.794
                        ]
                      ],
                      "o": [
                        [
                          0,
                          0
                        ],
                        [
                          -0.793,
                          0
                        ],
                        [
                          0,
                          -0.794
                        ],
                        [
                          0,
                          0
                        ],
                        [
                          0.794,
                          0
                        ],
                        [
                          0,
                          0.794
                        ]
                      ],
                      "v": [
                        [
                          10.15,
                          1.443
                        ],
                        [
                          -10.15,
                          1.443
                        ],
                        [
                          -11.592,
                          0
                        ],
                        [
                          -10.15,
                          -1.443
                        ],
                        [
                          10.15,
                          -1.443
                        ],
                        [
                          11.592,
                          0
                        ]
                      ],
                      "c": true
                    },
                    "ix": 2
                  },
                  "nm": "Path 1",
                  "mn": "ADBE Vector Shape - Group",
                  "hd": false
                },
                {
                  "ty": "fl",
                  "c": {
                    "a": 0,
                    "k": [
                      0.416000008583,
                      0.419999986887,
                      0.419999986887,
                      1
                    ],
                    "ix": 4
                  },
                  "o": {
                    "a": 0,
                    "k": 100,
                    "ix": 5
                  },
                  "r": 1,
                  "bm": 0,
                  "nm": "Fill 1",
                  "mn": "ADBE Vector Graphic - Fill",
                  "hd": false
                },
                {
                  "ty": "tr",
                  "p": {
                    "a": 0,
                    "k": [
                      50.174,
                      54.112
                    ],
                    "ix": 2
                  },
                  "a": {
                    "a": 0,
                    "k": [
                      0,
                      0
                    ],
                    "ix": 1
                  },
                  "s": {
                    "a": 0,
                    "k": [
                      100,
                      100
                    ],
                    "ix": 3
                  },
                  "r": {
                    "a": 0,
                    "k": 0,
                    "ix": 6
                  },
                  "o": {
                    "a": 0,
                    "k": 100,
                    "ix": 7
                  },
                  "sk": {
                    "a": 0,
                    "k": 0,
                    "ix": 4
                  },
                  "sa": {
                    "a": 0,
                    "k": 0,
                    "ix": 5
                  },
                  "nm": "Transform"
                }
              ],
              "nm": "Group 9",
              "np": 2,
              "cix": 2,
              "bm": 0,
              "ix": 1,
              "mn": "ADBE Vector Group",
              "hd": false
            },
            {
              "ty": "tr",
              "p": {
                "a": 0,
                "k": [
                  250.868,
                  270.559
                ],
                "ix": 2
              },
              "a": {
                "a": 0,
                "k": [
                  50.174,
                  54.112
                ],
                "ix": 1
              },
              "s": {
                "a": 0,
                "k": [
                  500,
                  500
                ],
                "ix": 3
              },
              "r": {
                "a": 0,
                "k": 0,
                "ix": 6
              },
              "o": {
                "a": 0,
                "k": 100,
                "ix": 7
              },
              "sk": {
                "a": 0,
                "k": 0,
                "ix": 4
              },
              "sa": {
                "a": 0,
                "k": 0,
                "ix": 5
              },
              "nm": "Transform"
            }
          ],
          "nm": "CloudPrint Outlines - Group 9",
          "np": 1,
          "cix": 2,
          "bm": 0,
          "ix": 1,
          "mn": "ADBE Vector Group",
          "hd": false
        },
        {
          "ty": "gr",
          "it": [
            {
              "ty": "gr",
              "it": [
                {
                  "ty": "gr",
                  "it": [
                    {
                      "ind": 0,
                      "ty": "sh",
                      "ix": 1,
                      "ks": {
                        "a": 0,
                        "k": {
                          "i": [
                            [
                              -1.808,
                              1.602
                            ],
                            [
                              0,
                              0
                            ],
                            [
                              0,
                              0
                            ],
                            [
                              0,
                              0
                            ],
                            [
                              0,
                              0
                            ]
                          ],
                          "o": [
                            [
                              0,
                              0
                            ],
                            [
                              0,
                              0
                            ],
                            [
                              0,
                              0
                            ],
                            [
                              0,
                              0
                            ],
                            [
                              2.605,
                              0
                            ]
                          ],
                          "v": [
                            [
                              6.179,
                              3.122
                            ],
                            [
                              -2.647,
                              -5.704
                            ],
                            [
                              -6.179,
                              -5.704
                            ],
                            [
                              -6.179,
                              5.704
                            ],
                            [
                              -0.605,
                              5.704
                            ]
                          ],
                          "c": true
                        },
                        "ix": 2
                      },
                      "nm": "Path 1",
                      "mn": "ADBE Vector Shape - Group",
                      "hd": false
                    },
                    {
                      "ty": "gf",
                      "o": {
                        "a": 0,
                        "k": 100,
                        "ix": 10
                      },
                      "r": 1,
                      "bm": 0,
                      "g": {
                        "p": 3,
                        "k": {
                          "a": 0,
                          "k": [
                            0,
                            0.773,
                            0.773,
                            0.773,
                            0.5,
                            0.743,
                            0.743,
                            0.743,
                            1,
                            0.714,
                            0.714,
                            0.714,
                            0,
                            0,
                            0.5,
                            0.5,
                            1,
                            1
                          ],
                          "ix": 9
                        }
                      },
                      "s": {
                        "a": 0,
                        "k": [
                          2.4,
                          4.6
                        ],
                        "ix": 5
                      },
                      "e": {
                        "a": 0,
                        "k": [
                          -5.2,
                          -4.4
                        ],
                        "ix": 6
                      },
                      "t": 1,
                      "nm": "Gradient Fill 1",
                      "mn": "ADBE Vector Graphic - G-Fill",
                      "hd": false
                    },
                    {
                      "ty": "tr",
                      "p": {
                        "a": 0,
                        "k": [
                          63.853,
                          58.684
                        ],
                        "ix": 2
                      },
                      "a": {
                        "a": 0,
                        "k": [
                          0,
                          0
                        ],
                        "ix": 1
                      },
                      "s": {
                        "a": 0,
                        "k": [
                          100,
                          100
                        ],
                        "ix": 3
                      },
                      "r": {
                        "a": 0,
                        "k": 0,
                        "ix": 6
                      },
                      "o": {
                        "a": 0,
                        "k": 100,
                        "ix": 7
                      },
                      "sk": {
                        "a": 0,
                        "k": 0,
                        "ix": 4
                      },
                      "sa": {
                        "a": 0,
                        "k": 0,
                        "ix": 5
                      },
                      "nm": "Transform"
                    }
                  ],
                  "nm": "Group 10",
                  "np": 2,
                  "cix": 2,
                  "bm": 0,
                  "ix": 1,
                  "mn": "ADBE Vector Group",
                  "hd": false
                },
                {
                  "ty": "tr",
                  "p": {
                    "a": 0,
                    "k": [
                      319.266,
                      293.418
                    ],
                    "ix": 2
                  },
                  "a": {
                    "a": 0,
                    "k": [
                      63.853,
                      58.684
                    ],
                    "ix": 1
                  },
                  "s": {
                    "a": 0,
                    "k": [
                      500,
                      500
                    ],
                    "ix": 3
                  },
                  "r": {
                    "a": 0,
                    "k": 0,
                    "ix": 6
                  },
                  "o": {
                    "a": 1,
                    "k": [
                      {
                        "i": {
                          "x": [
                            0.667
                          ],
                          "y": [
                            1
                          ]
                        },
                        "o": {
                          "x": [
                            0.333
                          ],
                          "y": [
                            0
                          ]
                        },
                        "t": 25,
                        "s": [
                          0
                        ]
                      },
                      {
                        "i": {
                          "x": [
                            0.667
                          ],
                          "y": [
                            1
                          ]
                        },
                        "o": {
                          "x": [
                            0.333
                          ],
                          "y": [
                            0
                          ]
                        },
                        "t": 46,
                        "s": [
                          100
                        ]
                      },
                      {
                        "i": {
                          "x": [
                            0.833
                          ],
                          "y": [
                            1
                          ]
                        },
                        "o": {
                          "x": [
                            0.333
                          ],
                          "y": [
                            0
                          ]
                        },
                        "t": 96,
                        "s": [
                          100
                        ]
                      },
                      {
                        "t": 128,
                        "s": [
                          0
                        ]
                      }
                    ],
                    "ix": 7
                  },
                  "sk": {
                    "a": 0,
                    "k": 0,
                    "ix": 4
                  },
                  "sa": {
                    "a": 0,
                    "k": 0,
                    "ix": 5
                  },
                  "nm": "Transform"
                }
              ],
              "nm": "CloudPrint Outlines - Group 10",
              "np": 1,
              "cix": 2,
              "bm": 0,
              "ix": 1,
              "mn": "ADBE Vector Group",
              "hd": false
            },
            {
              "ty": "gr",
              "it": [
                {
                  "ty": "gr",
                  "it": [
                    {
                      "ind": 0,
                      "ty": "sh",
                      "ix": 1,
                      "ks": {
                        "a": 0,
                        "k": {
                          "i": [
                            [
                              0,
                              0
                            ],
                            [
                              0,
                              0
                            ],
                            [
                              0,
                              3.055
                            ],
                            [
                              5.15,
                              0.542
                            ],
                            [
                              7.162,
                              0
                            ],
                            [
                              2.47,
                              -5.166
                            ],
                            [
                              0,
                              -5.533
                            ],
                            [
                              -6.518,
                              0
                            ],
                            [
                              0,
                              0
                            ],
                            [
                              0,
                              0
                            ]
                          ],
                          "o": [
                            [
                              0,
                              0
                            ],
                            [
                              2.12,
                              -1.877
                            ],
                            [
                              0,
                              -5.294
                            ],
                            [
                              -1.691,
                              -6.635
                            ],
                            [
                              -6.107,
                              0
                            ],
                            [
                              -5.137,
                              1.277
                            ],
                            [
                              0,
                              6.519
                            ],
                            [
                              0,
                              0
                            ],
                            [
                              0,
                              0
                            ],
                            [
                              0,
                              0
                            ]
                          ],
                          "v": [
                            [
                              11.11,
                              4.585
                            ],
                            [
                              19.936,
                              13.411
                            ],
                            [
                              23.4,
                              5.745
                            ],
                            [
                              14.236,
                              -4.445
                            ],
                            [
                              -0.615,
                              -15.993
                            ],
                            [
                              -14.45,
                              -7.25
                            ],
                            [
                              -23.4,
                              4.19
                            ],
                            [
                              -11.598,
                              15.993
                            ],
                            [
                              7.578,
                              15.993
                            ],
                            [
                              7.578,
                              4.585
                            ]
                          ],
                          "c": true
                        },
                        "ix": 2
                      },
                      "nm": "Path 1",
                      "mn": "ADBE Vector Shape - Group",
                      "hd": false
                    },
                    {
                      "ty": "fl",
                      "c": {
                        "a": 0,
                        "k": [
                          0.885999977589,
                          0.885999977589,
                          0.885999977589,
                          1
                        ],
                        "ix": 4
                      },
                      "o": {
                        "a": 0,
                        "k": 100,
                        "ix": 5
                      },
                      "r": 1,
                      "bm": 0,
                      "nm": "Fill 1",
                      "mn": "ADBE Vector Graphic - Fill",
                      "hd": false
                    },
                    {
                      "ty": "tr",
                      "p": {
                        "a": 0,
                        "k": [
                          50.096,
                          48.395
                        ],
                        "ix": 2
                      },
                      "a": {
                        "a": 0,
                        "k": [
                          0,
                          0
                        ],
                        "ix": 1
                      },
                      "s": {
                        "a": 0,
                        "k": [
                          100,
                          100
                        ],
                        "ix": 3
                      },
                      "r": {
                        "a": 0,
                        "k": 0,
                        "ix": 6
                      },
                      "o": {
                        "a": 0,
                        "k": 100,
                        "ix": 7
                      },
                      "sk": {
                        "a": 0,
                        "k": 0,
                        "ix": 4
                      },
                      "sa": {
                        "a": 0,
                        "k": 0,
                        "ix": 5
                      },
                      "nm": "Transform"
                    }
                  ],
                  "nm": "Group 11",
                  "np": 2,
                  "cix": 2,
                  "bm": 0,
                  "ix": 1,
                  "mn": "ADBE Vector Group",
                  "hd": false
                },
                {
                  "ty": "tr",
                  "p": {
                    "a": 0,
                    "k": [
                      250.48,
                      241.973
                    ],
                    "ix": 2
                  },
                  "a": {
                    "a": 0,
                    "k": [
                      50.096,
                      48.395
                    ],
                    "ix": 1
                  },
                  "s": {
                    "a": 0,
                    "k": [
                      500,
                      500
                    ],
                    "ix": 3
                  },
                  "r": {
                    "a": 0,
                    "k": 0,
                    "ix": 6
                  },
                  "o": {
                    "a": 0,
                    "k": 100,
                    "ix": 7
                  },
                  "sk": {
                    "a": 0,
                    "k": 0,
                    "ix": 4
                  },
                  "sa": {
                    "a": 0,
                    "k": 0,
                    "ix": 5
                  },
                  "nm": "Transform"
                }
              ],
              "nm": "CloudPrint Outlines - Group 11",
              "np": 1,
              "cix": 2,
              "bm": 0,
              "ix": 2,
              "mn": "ADBE Vector Group",
              "hd": false
            },
            {
              "ty": "tr",
              "p": {
                "a": 0,
                "k": [
                  250.48,
                  241.973
                ],
                "ix": 2
              },
              "a": {
                "a": 0,
                "k": [
                  250.48,
                  241.973
                ],
                "ix": 1
              },
              "s": {
                "a": 0,
                "k": [
                  100,
                  100
                ],
                "ix": 3
              },
              "r": {
                "a": 0,
                "k": 0,
                "ix": 6
              },
              "o": {
                "a": 0,
                "k": 100,
                "ix": 7
              },
              "sk": {
                "a": 0,
                "k": 0,
                "ix": 4
              },
              "sa": {
                "a": 0,
                "k": 0,
                "ix": 5
              },
              "nm": "Transform"
            }
          ],
          "nm": "Cloud",
          "np": 2,
          "cix": 2,
          "bm": 0,
          "ix": 2,
          "mn": "ADBE Vector Group",
          "hd": false
        }
      ],
      "ip": 0,
      "op": 194,
      "st": 0,
      "bm": 0
    },
    {
      "ddd": 0,
      "ind": 7,
      "ty": 4,
      "nm": "Base",
      "sr": 1,
      "ks": {
        "o": {
          "a": 0,
          "k": 100,
          "ix": 11
        },
        "r": {
          "a": 0,
          "k": 0,
          "ix": 10
        },
        "p": {
          "a": 1,
          "k": [
            {
              "i": {
                "x": 0.667,
                "y": 1
              },
              "o": {
                "x": 0.333,
                "y": 0
              },
              "t": 36,
              "s": [
                250.48,
                241.97299999999998,
                0
              ],
              "to": [
                0,
                1.667,
                0
              ],
              "ti": [
                0,
                0,
                0
              ]
            },
            {
              "i": {
                "x": 0.667,
                "y": 1
              },
              "o": {
                "x": 0.333,
                "y": 0
              },
              "t": 46,
              "s": [
                250.48,
                251.973,
                0
              ],
              "to": [
                0,
                0,
                0
              ],
              "ti": [
                0,
                1.667,
                0
              ]
            },
            {
              "i": {
                "x": 0.667,
                "y": 0.667
              },
              "o": {
                "x": 0.333,
                "y": 0.333
              },
              "t": 57,
              "s": [
                250.48,
                241.97299999999998,
                0
              ],
              "to": [
                0,
                0,
                0
              ],
              "ti": [
                0,
                0,
                0
              ]
            },
            {
              "i": {
                "x": 0.667,
                "y": 1
              },
              "o": {
                "x": 0.167,
                "y": 0
              },
              "t": 118,
              "s": [
                250.48,
                241.97299999999998,
                0
              ],
              "to": [
                0,
                -1.667,
                0
              ],
              "ti": [
                0,
                0,
                0
              ]
            },
            {
              "i": {
                "x": 0.667,
                "y": 1
              },
              "o": {
                "x": 0.167,
                "y": 0
              },
              "t": 128,
              "s": [
                250.48,
                231.97300000000004,
                0
              ],
              "to": [
                0,
                0,
                0
              ],
              "ti": [
                0,
                -1.667,
                0
              ]
            },
            {
              "t": 140,
              "s": [
                250.48,
                241.97299999999998,
                0
              ]
            }
          ],
          "ix": 2
        },
        "a": {
          "a": 0,
          "k": [
            50.096,
            48.395,
            0
          ],
          "ix": 1
        },
        "s": {
          "a": 0,
          "k": [
            500,
            500,
            100
          ],
          "ix": 6
        }
      },
      "ao": 0,
      "shapes": [
        {
          "ty": "gr",
          "it": [
            {
              "ind": 0,
              "ty": "sh",
              "ix": 1,
              "ks": {
                "a": 0,
                "k": {
                  "i": [
                    [
                      5.15,
                      0.542
                    ],
                    [
                      7.162,
                      0
                    ],
                    [
                      2.47,
                      -5.165
                    ],
                    [
                      0,
                      -5.533
                    ],
                    [
                      -6.518,
                      0
                    ],
                    [
                      0,
                      0
                    ],
                    [
                      0,
                      0
                    ],
                    [
                      -1.807,
                      1.602
                    ],
                    [
                      0,
                      3.055
                    ]
                  ],
                  "o": [
                    [
                      -1.691,
                      -6.635
                    ],
                    [
                      -6.107,
                      0
                    ],
                    [
                      -5.137,
                      1.278
                    ],
                    [
                      0,
                      6.519
                    ],
                    [
                      0,
                      0
                    ],
                    [
                      0,
                      0
                    ],
                    [
                      2.605,
                      0
                    ],
                    [
                      2.12,
                      -1.877
                    ],
                    [
                      0,
                      -5.294
                    ]
                  ],
                  "v": [
                    [
                      14.236,
                      -4.445
                    ],
                    [
                      -0.615,
                      -15.993
                    ],
                    [
                      -14.45,
                      -7.251
                    ],
                    [
                      -23.4,
                      4.19
                    ],
                    [
                      -11.598,
                      15.993
                    ],
                    [
                      7.578,
                      15.993
                    ],
                    [
                      13.152,
                      15.993
                    ],
                    [
                      19.936,
                      13.411
                    ],
                    [
                      23.4,
                      5.745
                    ]
                  ],
                  "c": true
                },
                "ix": 2
              },
              "nm": "Path 1",
              "mn": "ADBE Vector Shape - Group",
              "hd": false
            },
            {
              "ty": "fl",
              "c": {
                "a": 0,
                "k": [
                  0.885999971278,
                  0.885999971278,
                  0.885999971278,
                  1
                ],
                "ix": 4
              },
              "o": {
                "a": 0,
                "k": 100,
                "ix": 5
              },
              "r": 1,
              "bm": 0,
              "nm": "Fill 1",
              "mn": "ADBE Vector Graphic - Fill",
              "hd": false
            },
            {
              "ty": "tr",
              "p": {
                "a": 0,
                "k": [
                  50.096,
                  48.395
                ],
                "ix": 2
              },
              "a": {
                "a": 0,
                "k": [
                  0,
                  0
                ],
                "ix": 1
              },
              "s": {
                "a": 0,
                "k": [
                  100,
                  100
                ],
                "ix": 3
              },
              "r": {
                "a": 0,
                "k": 0,
                "ix": 6
              },
              "o": {
                "a": 0,
                "k": 100,
                "ix": 7
              },
              "sk": {
                "a": 0,
                "k": 0,
                "ix": 4
              },
              "sa": {
                "a": 0,
                "k": 0,
                "ix": 5
              },
              "nm": "Transform"
            }
          ],
          "nm": "Group 12",
          "np": 2,
          "cix": 2,
          "bm": 0,
          "ix": 1,
          "mn": "ADBE Vector Group",
          "hd": false
        }
      ],
      "ip": 0,
      "op": 194,
      "st": 0,
      "bm": 0
    }
  ],
  "markers": []
}