{
  "v": "5.6.5",
  "fr": 25,
  "ip": 0,
  "op": 150,
  "w": 2000,
  "h": 1000,
  "nm": "Logo Figma",
  "ddd": 0,
  "assets": [],
  "layers": [
    {
      "ddd": 0,
      "ind": 2,
      "ty": 1,
      "nm": "Círucolo",
      "sr": 1,
      "ks": {
        "o": {
          "a": 0,
          "k": 100,
          "ix": 11
        },
        "r": {
          "a": 0,
          "k": 0,
          "ix": 10
        },
        "p": {
          "a": 1,
          "k": [
            {
              "i": {
                "x": 0.833,
                "y": 0.833
              },
              "o": {
                "x": 0.167,
                "y": 0.167
              },
              "t": 60.345,
              "s": [
                508.625,
                533.375,
                0
              ],
              "to": [
                24,
                -5.333,
                0
              ],
              "ti": [
                -24,
                5.333,
                0
              ]
            },
            {
              "t": 78,
              "s": [
                652.625,
                501.375,
                0
              ]
            }
          ],
          "ix": 2
        },
        "a": {
          "a": 0,
          "k": [
            500,
            500,
            0
          ],
          "ix": 1
        },
        "s": {
          "a": 0,
          "k": [
            100,
            100,
            100
          ],
          "ix": 6
        }
      },
      "ao": 0,
      "hasMask": true,
      "masksProperties": [
        {
          "inv": false,
          "mode": "f",
          "pt": {
            "a": 0,
            "k": {
              "i": [
                [
                  -0.03,
                  -83.931
                ],
                [
                  83.949,
                  0
                ],
                [
                  0,
                  83.948
                ],
                [
                  -83.948,
                  0
                ],
                [
                  -0.005,
                  0
                ]
              ],
              "o": [
                [
                  0,
                  83.948
                ],
                [
                  -83.948,
                  0
                ],
                [
                  0,
                  -83.949
                ],
                [
                  0.005,
                  0
                ],
                [
                  83.931,
                  0.038
                ]
              ],
              "v": [
                [
                  652.002,
                  500
                ],
                [
                  500,
                  652.002
                ],
                [
                  347.998,
                  500
                ],
                [
                  500,
                  347.998
                ],
                [
                  500.014,
                  347.998
                ]
              ],
              "c": true
            },
            "ix": 1
          },
          "o": {
            "a": 0,
            "k": 100,
            "ix": 3
          },
          "x": {
            "a": 0,
            "k": 0,
            "ix": 4
          },
          "nm": "Máscara 1"
        }
      ],
      "ef": [
        {
          "ty": 21,
          "nm": "Preenchimento",
          "np": 9,
          "mn": "ADBE Fill",
          "ix": 1,
          "en": 1,
          "ef": [
            {
              "ty": 10,
              "nm": "Máscara de preenchimento",
              "mn": "ADBE Fill-0001",
              "ix": 1,
              "v": {
                "a": 0,
                "k": 0,
                "ix": 1
              }
            },
            {
              "ty": 7,
              "nm": "Todas as máscaras",
              "mn": "ADBE Fill-0007",
              "ix": 2,
              "v": {
                "a": 0,
                "k": 0,
                "ix": 2
              }
            },
            {
              "ty": 2,
              "nm": "Cor",
              "mn": "ADBE Fill-0002",
              "ix": 3,
              "v": {
                "a": 0,
                "k": [
                  0.101960785687,
                  0.737254917622,
                  0.996078431606,
                  1
                ],
                "ix": 3
              }
            },
            {
              "ty": 7,
              "nm": "Inverter",
              "mn": "ADBE Fill-0006",
              "ix": 4,
              "v": {
                "a": 0,
                "k": 0,
                "ix": 4
              }
            },
            {
              "ty": 0,
              "nm": "Difusão horizontal",
              "mn": "ADBE Fill-0003",
              "ix": 5,
              "v": {
                "a": 0,
                "k": 0,
                "ix": 5
              }
            },
            {
              "ty": 0,
              "nm": "Difusão vertical",
              "mn": "ADBE Fill-0004",
              "ix": 6,
              "v": {
                "a": 0,
                "k": 0,
                "ix": 6
              }
            },
            {
              "ty": 0,
              "nm": "Opacidade",
              "mn": "ADBE Fill-0005",
              "ix": 7,
              "v": {
                "a": 0,
                "k": 1,
                "ix": 7
              }
            }
          ]
        }
      ],
      "sw": 1000,
      "sh": 1000,
      "sc": "#202077",
      "ip": 0,
      "op": 150,
      "st": 0,
      "bm": 0
    },
    {
      "ddd": 0,
      "ind": 3,
      "ty": 1,
      "nm": "Topo",
      "sr": 1,
      "ks": {
        "o": {
          "a": 0,
          "k": 100,
          "ix": 11
        },
        "r": {
          "a": 1,
          "k": [
            {
              "i": {
                "x": [
                  0.833
                ],
                "y": [
                  0.833
                ]
              },
              "o": {
                "x": [
                  0.167
                ],
                "y": [
                  0.167
                ]
              },
              "t": 18,
              "s": [
                0
              ]
            },
            {
              "t": 178,
              "s": [
                0
              ]
            }
          ],
          "ix": 10
        },
        "p": {
          "a": 1,
          "k": [
            {
              "i": {
                "x": 0.667,
                "y": 1
              },
              "o": {
                "x": 0.333,
                "y": 0
              },
              "t": 14,
              "s": [
                509.563,
                536.063,
                0
              ],
              "to": [
                -26.667,
                -56.667,
                0
              ],
              "ti": [
                26.667,
                56.667,
                0
              ]
            },
            {
              "t": 33.8623046875,
              "s": [
                349.563,
                196.063,
                0
              ]
            }
          ],
          "ix": 2
        },
        "a": {
          "a": 0,
          "k": [
            500,
            500,
            0
          ],
          "ix": 1
        },
        "s": {
          "a": 1,
          "k": [
            {
              "i": {
                "x": [
                  0.833,
                  0.833,
                  0.833
                ],
                "y": [
                  0.833,
                  0.833,
                  0.833
                ]
              },
              "o": {
                "x": [
                  0.167,
                  0.167,
                  0.167
                ],
                "y": [
                  0.167,
                  0.167,
                  0.167
                ]
              },
              "t": 14,
              "s": [
                58,
                58,
                100
              ]
            },
            {
              "t": 18.4140625,
              "s": [
                100,
                100,
                100
              ]
            }
          ],
          "ix": 6
        }
      },
      "ao": 0,
      "hasMask": true,
      "masksProperties": [
        {
          "inv": false,
          "mode": "f",
          "pt": {
            "a": 0,
            "k": {
              "i": [
                [
                  0.038,
                  83.931
                ],
                [
                  -83.936,
                  0.03
                ],
                [
                  0,
                  0
                ],
                [
                  0,
                  0
                ],
                [
                  0,
                  0
                ]
              ],
              "o": [
                [
                  0.03,
                  -83.936
                ],
                [
                  0,
                  0
                ],
                [
                  0,
                  0
                ],
                [
                  0,
                  0
                ],
                [
                  -83.931,
                  -0.03
                ]
              ],
              "v": [
                [
                  348.005,
                  500.007
                ],
                [
                  500.007,
                  348.005
                ],
                [
                  651.995,
                  348.005
                ],
                [
                  651.995,
                  651.995
                ],
                [
                  500.007,
                  651.995
                ]
              ],
              "c": true
            },
            "ix": 1
          },
          "o": {
            "a": 0,
            "k": 100,
            "ix": 3
          },
          "x": {
            "a": 0,
            "k": 0,
            "ix": 4
          },
          "nm": "Máscara 1"
        }
      ],
      "ef": [
        {
          "ty": 21,
          "nm": "Preenchimento",
          "np": 9,
          "mn": "ADBE Fill",
          "ix": 1,
          "en": 1,
          "ef": [
            {
              "ty": 10,
              "nm": "Máscara de preenchimento",
              "mn": "ADBE Fill-0001",
              "ix": 1,
              "v": {
                "a": 0,
                "k": 0,
                "ix": 1
              }
            },
            {
              "ty": 7,
              "nm": "Todas as máscaras",
              "mn": "ADBE Fill-0007",
              "ix": 2,
              "v": {
                "a": 0,
                "k": 0,
                "ix": 2
              }
            },
            {
              "ty": 2,
              "nm": "Cor",
              "mn": "ADBE Fill-0002",
              "ix": 3,
              "v": {
                "a": 0,
                "k": [
                  0.949019610882,
                  0.305882364511,
                  0.117647059262,
                  1
                ],
                "ix": 3
              }
            },
            {
              "ty": 7,
              "nm": "Inverter",
              "mn": "ADBE Fill-0006",
              "ix": 4,
              "v": {
                "a": 0,
                "k": 0,
                "ix": 4
              }
            },
            {
              "ty": 0,
              "nm": "Difusão horizontal",
              "mn": "ADBE Fill-0003",
              "ix": 5,
              "v": {
                "a": 0,
                "k": 0,
                "ix": 5
              }
            },
            {
              "ty": 0,
              "nm": "Difusão vertical",
              "mn": "ADBE Fill-0004",
              "ix": 6,
              "v": {
                "a": 0,
                "k": 0,
                "ix": 6
              }
            },
            {
              "ty": 0,
              "nm": "Opacidade",
              "mn": "ADBE Fill-0005",
              "ix": 7,
              "v": {
                "a": 0,
                "k": 1,
                "ix": 7
              }
            }
          ]
        }
      ],
      "sw": 1000,
      "sh": 1000,
      "sc": "#072257",
      "ip": 0,
      "op": 150,
      "st": 0,
      "bm": 0
    },
    {
      "ddd": 0,
      "ind": 4,
      "ty": 1,
      "nm": "Cima Círulo",
      "sr": 1,
      "ks": {
        "o": {
          "a": 0,
          "k": 100,
          "ix": 11
        },
        "r": {
          "a": 0,
          "k": 0,
          "ix": 10
        },
        "p": {
          "a": 1,
          "k": [
            {
              "i": {
                "x": 0.667,
                "y": 1
              },
              "o": {
                "x": 0.333,
                "y": 0
              },
              "t": 22.827,
              "s": [
                521,
                536.125,
                0
              ],
              "to": [
                22,
                -56.667,
                0
              ],
              "ti": [
                -22,
                56.667,
                0
              ]
            },
            {
              "t": 40.482421875,
              "s": [
                653,
                196.125,
                0
              ]
            }
          ],
          "ix": 2
        },
        "a": {
          "a": 0,
          "k": [
            500,
            500,
            0
          ],
          "ix": 1
        },
        "s": {
          "a": 1,
          "k": [
            {
              "i": {
                "x": [
                  0.833,
                  0.833,
                  0.833
                ],
                "y": [
                  0.833,
                  0.833,
                  0.833
                ]
              },
              "o": {
                "x": [
                  0.167,
                  0.167,
                  0.167
                ],
                "y": [
                  0.167,
                  0.167,
                  0.167
                ]
              },
              "t": 22.827,
              "s": [
                -42,
                -42,
                100
              ]
            },
            {
              "t": 27.2412109375,
              "s": [
                -100,
                -100,
                100
              ]
            }
          ],
          "ix": 6
        }
      },
      "ao": 0,
      "hasMask": true,
      "masksProperties": [
        {
          "inv": false,
          "mode": "f",
          "pt": {
            "a": 0,
            "k": {
              "i": [
                [
                  0.038,
                  83.931
                ],
                [
                  -83.936,
                  0.03
                ],
                [
                  0,
                  0
                ],
                [
                  0,
                  0
                ],
                [
                  0,
                  0
                ]
              ],
              "o": [
                [
                  0.03,
                  -83.936
                ],
                [
                  0,
                  0
                ],
                [
                  0,
                  0
                ],
                [
                  0,
                  0
                ],
                [
                  -83.931,
                  -0.03
                ]
              ],
              "v": [
                [
                  348.005,
                  500.007
                ],
                [
                  500.007,
                  348.005
                ],
                [
                  651.995,
                  348.005
                ],
                [
                  651.995,
                  651.995
                ],
                [
                  500.007,
                  651.995
                ]
              ],
              "c": true
            },
            "ix": 1
          },
          "o": {
            "a": 0,
            "k": 100,
            "ix": 3
          },
          "x": {
            "a": 0,
            "k": 0,
            "ix": 4
          },
          "nm": "Máscara 1"
        }
      ],
      "ef": [
        {
          "ty": 21,
          "nm": "Preenchimento",
          "np": 9,
          "mn": "ADBE Fill",
          "ix": 1,
          "en": 1,
          "ef": [
            {
              "ty": 10,
              "nm": "Máscara de preenchimento",
              "mn": "ADBE Fill-0001",
              "ix": 1,
              "v": {
                "a": 0,
                "k": 0,
                "ix": 1
              }
            },
            {
              "ty": 7,
              "nm": "Todas as máscaras",
              "mn": "ADBE Fill-0007",
              "ix": 2,
              "v": {
                "a": 0,
                "k": 0,
                "ix": 2
              }
            },
            {
              "ty": 2,
              "nm": "Cor",
              "mn": "ADBE Fill-0002",
              "ix": 3,
              "v": {
                "a": 0,
                "k": [
                  1,
                  0.447058826685,
                  0.384313732386,
                  1
                ],
                "ix": 3
              }
            },
            {
              "ty": 7,
              "nm": "Inverter",
              "mn": "ADBE Fill-0006",
              "ix": 4,
              "v": {
                "a": 0,
                "k": 0,
                "ix": 4
              }
            },
            {
              "ty": 0,
              "nm": "Difusão horizontal",
              "mn": "ADBE Fill-0003",
              "ix": 5,
              "v": {
                "a": 0,
                "k": 0,
                "ix": 5
              }
            },
            {
              "ty": 0,
              "nm": "Difusão vertical",
              "mn": "ADBE Fill-0004",
              "ix": 6,
              "v": {
                "a": 0,
                "k": 0,
                "ix": 6
              }
            },
            {
              "ty": 0,
              "nm": "Opacidade",
              "mn": "ADBE Fill-0005",
              "ix": 7,
              "v": {
                "a": 0,
                "k": 1,
                "ix": 7
              }
            }
          ]
        }
      ],
      "sw": 1000,
      "sh": 1000,
      "sc": "#072257",
      "ip": 0,
      "op": 150,
      "st": 0,
      "bm": 0
    },
    {
      "ddd": 0,
      "ind": 5,
      "ty": 1,
      "nm": "Baixo",
      "sr": 1,
      "ks": {
        "o": {
          "a": 0,
          "k": 100,
          "ix": 11
        },
        "r": {
          "a": 0,
          "k": 0,
          "ix": 10
        },
        "p": {
          "a": 1,
          "k": [
            {
              "i": {
                "x": 0.667,
                "y": 1
              },
              "o": {
                "x": 0.333,
                "y": 0
              },
              "t": 47.104,
              "s": [
                508,
                535.5,
                0
              ],
              "to": [
                -26.667,
                44.667,
                0
              ],
              "ti": [
                26.667,
                -44.667,
                0
              ]
            },
            {
              "t": 64.7587890625,
              "s": [
                348,
                803.5,
                0
              ]
            }
          ],
          "ix": 2
        },
        "a": {
          "a": 0,
          "k": [
            500,
            500,
            0
          ],
          "ix": 1
        },
        "s": {
          "a": 1,
          "k": [
            {
              "i": {
                "x": [
                  0.833,
                  0.833,
                  0.833
                ],
                "y": [
                  0.833,
                  0.833,
                  0.833
                ]
              },
              "o": {
                "x": [
                  0.167,
                  0.167,
                  0.167
                ],
                "y": [
                  0.167,
                  0.167,
                  0.167
                ]
              },
              "t": 47.104,
              "s": [
                58,
                58,
                100
              ]
            },
            {
              "t": 53.724609375,
              "s": [
                100,
                100,
                100
              ]
            }
          ],
          "ix": 6
        }
      },
      "ao": 0,
      "hasMask": true,
      "masksProperties": [
        {
          "inv": false,
          "mode": "f",
          "pt": {
            "a": 0,
            "k": {
              "i": [
                [
                  -0.958,
                  0.009
                ],
                [
                  -0.038,
                  83.925
                ],
                [
                  0,
                  0
                ],
                [
                  0,
                  0
                ],
                [
                  0.794,
                  -83.945
                ],
                [
                  -83.945,
                  -0.794
                ]
              ],
              "o": [
                [
                  83.925,
                  -0.038
                ],
                [
                  0,
                  0
                ],
                [
                  0,
                  0
                ],
                [
                  -83.945,
                  -0.794
                ],
                [
                  -0.794,
                  83.945
                ],
                [
                  0.958,
                  0.009
                ]
              ],
              "v": [
                [
                  501.119,
                  652.388
                ],
                [
                  653.108,
                  500.399
                ],
                [
                  653.108,
                  348.397
                ],
                [
                  501.119,
                  348.397
                ],
                [
                  347.686,
                  498.955
                ],
                [
                  498.244,
                  652.388
                ]
              ],
              "c": true
            },
            "ix": 1
          },
          "o": {
            "a": 0,
            "k": 100,
            "ix": 3
          },
          "x": {
            "a": 0,
            "k": 0,
            "ix": 4
          },
          "nm": "Máscara 1"
        }
      ],
      "ef": [
        {
          "ty": 21,
          "nm": "Preenchimento",
          "np": 9,
          "mn": "ADBE Fill",
          "ix": 1,
          "en": 1,
          "ef": [
            {
              "ty": 10,
              "nm": "Máscara de preenchimento",
              "mn": "ADBE Fill-0001",
              "ix": 1,
              "v": {
                "a": 0,
                "k": 0,
                "ix": 1
              }
            },
            {
              "ty": 7,
              "nm": "Todas as máscaras",
              "mn": "ADBE Fill-0007",
              "ix": 2,
              "v": {
                "a": 0,
                "k": 0,
                "ix": 2
              }
            },
            {
              "ty": 2,
              "nm": "Cor",
              "mn": "ADBE Fill-0002",
              "ix": 3,
              "v": {
                "a": 0,
                "k": [
                  0.039215687662,
                  0.811764717102,
                  0.51372551918,
                  1
                ],
                "ix": 3
              }
            },
            {
              "ty": 7,
              "nm": "Inverter",
              "mn": "ADBE Fill-0006",
              "ix": 4,
              "v": {
                "a": 0,
                "k": 0,
                "ix": 4
              }
            },
            {
              "ty": 0,
              "nm": "Difusão horizontal",
              "mn": "ADBE Fill-0003",
              "ix": 5,
              "v": {
                "a": 0,
                "k": 0,
                "ix": 5
              }
            },
            {
              "ty": 0,
              "nm": "Difusão vertical",
              "mn": "ADBE Fill-0004",
              "ix": 6,
              "v": {
                "a": 0,
                "k": 0,
                "ix": 6
              }
            },
            {
              "ty": 0,
              "nm": "Opacidade",
              "mn": "ADBE Fill-0005",
              "ix": 7,
              "v": {
                "a": 0,
                "k": 1,
                "ix": 7
              }
            }
          ]
        }
      ],
      "sw": 1000,
      "sh": 1000,
      "sc": "#0404c1",
      "ip": 0,
      "op": 150,
      "st": 0,
      "bm": 0
    },
    {
      "ddd": 0,
      "ind": 6,
      "ty": 1,
      "nm": "lateral círculo",
      "sr": 1,
      "ks": {
        "o": {
          "a": 0,
          "k": 100,
          "ix": 11
        },
        "r": {
          "a": 0,
          "k": 0,
          "ix": 10
        },
        "p": {
          "a": 1,
          "k": [
            {
              "i": {
                "x": 0.667,
                "y": 1
              },
              "o": {
                "x": 0.333,
                "y": 0
              },
              "t": 33.862,
              "s": [
                509.563,
                531.813,
                0
              ],
              "to": [
                -26.667,
                -5.333,
                0
              ],
              "ti": [
                26.667,
                5.333,
                0
              ]
            },
            {
              "t": 49.310546875,
              "s": [
                349.563,
                499.813,
                0
              ]
            }
          ],
          "ix": 2
        },
        "a": {
          "a": 0,
          "k": [
            500,
            500,
            0
          ],
          "ix": 1
        },
        "s": {
          "a": 1,
          "k": [
            {
              "i": {
                "x": [
                  0.833,
                  0.833,
                  0.833
                ],
                "y": [
                  0.833,
                  0.833,
                  0.833
                ]
              },
              "o": {
                "x": [
                  0.167,
                  0.167,
                  0.167
                ],
                "y": [
                  0.167,
                  0.167,
                  0.167
                ]
              },
              "t": 33.862,
              "s": [
                58,
                58,
                100
              ]
            },
            {
              "t": 38.275390625,
              "s": [
                100,
                100,
                100
              ]
            }
          ],
          "ix": 6
        }
      },
      "ao": 0,
      "hasMask": true,
      "masksProperties": [
        {
          "inv": false,
          "mode": "f",
          "pt": {
            "a": 0,
            "k": {
              "i": [
                [
                  0.038,
                  83.931
                ],
                [
                  -83.936,
                  0.03
                ],
                [
                  0,
                  0
                ],
                [
                  0,
                  0
                ],
                [
                  0,
                  0
                ]
              ],
              "o": [
                [
                  0.03,
                  -83.936
                ],
                [
                  0,
                  0
                ],
                [
                  0,
                  0
                ],
                [
                  0,
                  0
                ],
                [
                  -83.931,
                  -0.03
                ]
              ],
              "v": [
                [
                  348.005,
                  500.007
                ],
                [
                  500.007,
                  348.005
                ],
                [
                  651.995,
                  348.005
                ],
                [
                  651.995,
                  651.995
                ],
                [
                  500.007,
                  651.995
                ]
              ],
              "c": true
            },
            "ix": 1
          },
          "o": {
            "a": 0,
            "k": 100,
            "ix": 3
          },
          "x": {
            "a": 0,
            "k": 0,
            "ix": 4
          },
          "nm": "Máscara 1"
        }
      ],
      "ef": [
        {
          "ty": 21,
          "nm": "Preenchimento",
          "np": 9,
          "mn": "ADBE Fill",
          "ix": 1,
          "en": 1,
          "ef": [
            {
              "ty": 10,
              "nm": "Máscara de preenchimento",
              "mn": "ADBE Fill-0001",
              "ix": 1,
              "v": {
                "a": 0,
                "k": 0,
                "ix": 1
              }
            },
            {
              "ty": 7,
              "nm": "Todas as máscaras",
              "mn": "ADBE Fill-0007",
              "ix": 2,
              "v": {
                "a": 0,
                "k": 0,
                "ix": 2
              }
            },
            {
              "ty": 2,
              "nm": "Cor",
              "mn": "ADBE Fill-0002",
              "ix": 3,
              "v": {
                "a": 0,
                "k": [
                  0.635294139385,
                  0.349019616842,
                  1,
                  1
                ],
                "ix": 3
              }
            },
            {
              "ty": 7,
              "nm": "Inverter",
              "mn": "ADBE Fill-0006",
              "ix": 4,
              "v": {
                "a": 0,
                "k": 0,
                "ix": 4
              }
            },
            {
              "ty": 0,
              "nm": "Difusão horizontal",
              "mn": "ADBE Fill-0003",
              "ix": 5,
              "v": {
                "a": 0,
                "k": 0,
                "ix": 5
              }
            },
            {
              "ty": 0,
              "nm": "Difusão vertical",
              "mn": "ADBE Fill-0004",
              "ix": 6,
              "v": {
                "a": 0,
                "k": 0,
                "ix": 6
              }
            },
            {
              "ty": 0,
              "nm": "Opacidade",
              "mn": "ADBE Fill-0005",
              "ix": 7,
              "v": {
                "a": 0,
                "k": 1,
                "ix": 7
              }
            }
          ]
        }
      ],
      "sw": 1000,
      "sh": 1000,
      "sc": "#072257",
      "ip": 0,
      "op": 150,
      "st": 0,
      "bm": 0
    }
  ],
  "markers": []
}