{
  "v": "5.6.9",
  "fr": 30,
  "ip": 0,
  "op": 150,
  "w": 500,
  "h": 500,
  "nm": "2 - Location",
  "ddd": 0,
  "assets": [],
  "layers": [
    {
      "ddd": 0,
      "ind": 1,
      "ty": 4,
      "nm": "Ellipse",
      "parent": 2,
      "sr": 1,
      "ks": {
        "o": {
          "a": 0,
          "k": 100,
          "ix": 11
        },
        "r": {
          "a": 0,
          "k": 0,
          "ix": 10
        },
        "p": {
          "a": 0,
          "k": [
            101.22,
            102.161,
            0
          ],
          "ix": 2
        },
        "a": {
          "a": 0,
          "k": [
            46.329,
            46.329,
            0
          ],
          "ix": 1
        },
        "s": {
          "a": 1,
          "k": [
            {
              "i": {
                "x": [
                  0.4,
                  0.4,
                  0.4
                ],
                "y": [
                  1,
                  1,
                  1
                ]
              },
              "o": {
                "x": [
                  0.6,
                  0.6,
                  0.6
                ],
                "y": [
                  0,
                  0,
                  0
                ]
              },
              "t": 10,
              "s": [
                100,
                100,
                100
              ]
            },
            {
              "i": {
                "x": [
                  0.4,
                  0.4,
                  0.4
                ],
                "y": [
                  1,
                  1,
                  1
                ]
              },
              "o": {
                "x": [
                  0.6,
                  0.6,
                  0.6
                ],
                "y": [
                  0,
                  0,
                  0
                ]
              },
              "t": 30,
              "s": [
                90,
                90,
                100
              ]
            },
            {
              "i": {
                "x": [
                  0.4,
                  0.4,
                  0.4
                ],
                "y": [
                  1,
                  1,
                  1
                ]
              },
              "o": {
                "x": [
                  0.6,
                  0.6,
                  0.6
                ],
                "y": [
                  0,
                  0,
                  0
                ]
              },
              "t": 50,
              "s": [
                110,
                110,
                100
              ]
            },
            {
              "t": 70,
              "s": [
                100,
                100,
                100
              ]
            }
          ],
          "ix": 6
        }
      },
      "ao": 0,
      "shapes": [
        {
          "ty": "gr",
          "it": [
            {
              "ind": 0,
              "ty": "sh",
              "ix": 1,
              "ks": {
                "a": 0,
                "k": {
                  "i": [
                    [
                      0,
                      -25.449
                    ],
                    [
                      25.449,
                      0
                    ],
                    [
                      0,
                      25.449
                    ],
                    [
                      -25.449,
                      0
                    ]
                  ],
                  "o": [
                    [
                      0,
                      25.449
                    ],
                    [
                      -25.449,
                      0
                    ],
                    [
                      0,
                      -25.449
                    ],
                    [
                      25.449,
                      0
                    ]
                  ],
                  "v": [
                    [
                      46.079,
                      0
                    ],
                    [
                      0,
                      46.079
                    ],
                    [
                      -46.079,
                      0
                    ],
                    [
                      0,
                      -46.079
                    ]
                  ],
                  "c": true
                },
                "ix": 2
              },
              "nm": "Path 1",
              "mn": "ADBE Vector Shape - Group",
              "hd": false
            },
            {
              "ty": "fl",
              "c": {
                "a": 0,
                "k": [
                  1,
                  1,
                  1,
                  1
                ],
                "ix": 4
              },
              "o": {
                "a": 0,
                "k": 100,
                "ix": 5
              },
              "r": 1,
              "bm": 0,
              "nm": "Fill 1",
              "mn": "ADBE Vector Graphic - Fill",
              "hd": false
            },
            {
              "ty": "tr",
              "p": {
                "a": 0,
                "k": [
                  46.329,
                  46.329
                ],
                "ix": 2
              },
              "a": {
                "a": 0,
                "k": [
                  0,
                  0
                ],
                "ix": 1
              },
              "s": {
                "a": 0,
                "k": [
                  100,
                  100
                ],
                "ix": 3
              },
              "r": {
                "a": 0,
                "k": 0,
                "ix": 6
              },
              "o": {
                "a": 0,
                "k": 100,
                "ix": 7
              },
              "sk": {
                "a": 0,
                "k": 0,
                "ix": 4
              },
              "sa": {
                "a": 0,
                "k": 0,
                "ix": 5
              },
              "nm": "Transform"
            }
          ],
          "nm": "Group 1",
          "np": 2,
          "cix": 2,
          "bm": 0,
          "ix": 1,
          "mn": "ADBE Vector Group",
          "hd": false
        }
      ],
      "ip": 0,
      "op": 150,
      "st": 0,
      "bm": 0
    },
    {
      "ddd": 0,
      "ind": 2,
      "ty": 4,
      "nm": "Location",
      "parent": 3,
      "sr": 1,
      "ks": {
        "o": {
          "a": 0,
          "k": 100,
          "ix": 11
        },
        "r": {
          "a": 1,
          "k": [
            {
              "i": {
                "x": [
                  0.4
                ],
                "y": [
                  1
                ]
              },
              "o": {
                "x": [
                  0.6
                ],
                "y": [
                  0
                ]
              },
              "t": 60,
              "s": [
                0
              ]
            },
            {
              "i": {
                "x": [
                  0.4
                ],
                "y": [
                  1
                ]
              },
              "o": {
                "x": [
                  0.6
                ],
                "y": [
                  0
                ]
              },
              "t": 85,
              "s": [
                -6
              ]
            },
            {
              "i": {
                "x": [
                  0.4
                ],
                "y": [
                  1
                ]
              },
              "o": {
                "x": [
                  0.6
                ],
                "y": [
                  0
                ]
              },
              "t": 103,
              "s": [
                0
              ]
            },
            {
              "i": {
                "x": [
                  0.4
                ],
                "y": [
                  1
                ]
              },
              "o": {
                "x": [
                  0.6
                ],
                "y": [
                  0
                ]
              },
              "t": 104,
              "s": [
                0
              ]
            },
            {
              "i": {
                "x": [
                  0.4
                ],
                "y": [
                  1
                ]
              },
              "o": {
                "x": [
                  0.6
                ],
                "y": [
                  0
                ]
              },
              "t": 126,
              "s": [
                6
              ]
            },
            {
              "t": 150,
              "s": [
                0
              ]
            }
          ],
          "ix": 10
        },
        "p": {
          "a": 1,
          "k": [
            {
              "i": {
                "x": 0.4,
                "y": 1
              },
              "o": {
                "x": 0.6,
                "y": 0
              },
              "t": 53,
              "s": [
                175.25,
                95.404,
                0
              ],
              "to": [
                -13.667,
                0,
                0
              ],
              "ti": [
                -14,
                0,
                0
              ]
            },
            {
              "i": {
                "x": 0.4,
                "y": 1
              },
              "o": {
                "x": 0.6,
                "y": 0
              },
              "t": 85,
              "s": [
                93.25,
                95.404,
                0
              ],
              "to": [
                14,
                0,
                0
              ],
              "ti": [
                0,
                0,
                0
              ]
            },
            {
              "i": {
                "x": 0.4,
                "y": 1
              },
              "o": {
                "x": 0.6,
                "y": 0
              },
              "t": 126,
              "s": [
                259.25,
                95.404,
                0
              ],
              "to": [
                0,
                0,
                0
              ],
              "ti": [
                14,
                0,
                0
              ]
            },
            {
              "t": 150,
              "s": [
                175.25,
                95.404,
                0
              ]
            }
          ],
          "ix": 2
        },
        "a": {
          "a": 0,
          "k": [
            101.22,
            306.078,
            0
          ],
          "ix": 1
        },
        "s": {
          "a": 1,
          "k": [
            {
              "i": {
                "x": [
                  0.4,
                  0.4,
                  0.4
                ],
                "y": [
                  1,
                  1,
                  1
                ]
              },
              "o": {
                "x": [
                  0.6,
                  0.6,
                  0.6
                ],
                "y": [
                  0,
                  0,
                  0
                ]
              },
              "t": 5,
              "s": [
                100,
                100,
                100
              ]
            },
            {
              "i": {
                "x": [
                  0.4,
                  0.4,
                  0.4
                ],
                "y": [
                  1,
                  1,
                  1
                ]
              },
              "o": {
                "x": [
                  0.6,
                  0.6,
                  0.6
                ],
                "y": [
                  0,
                  0,
                  0
                ]
              },
              "t": 25,
              "s": [
                90,
                90,
                100
              ]
            },
            {
              "i": {
                "x": [
                  0.4,
                  0.4,
                  0.4
                ],
                "y": [
                  1,
                  1,
                  1
                ]
              },
              "o": {
                "x": [
                  0.6,
                  0.6,
                  0.6
                ],
                "y": [
                  0,
                  0,
                  0
                ]
              },
              "t": 45,
              "s": [
                110,
                110,
                100
              ]
            },
            {
              "i": {
                "x": [
                  0.4,
                  0.4,
                  0.4
                ],
                "y": [
                  1,
                  1,
                  1
                ]
              },
              "o": {
                "x": [
                  0.6,
                  0.6,
                  0.6
                ],
                "y": [
                  0,
                  0,
                  0
                ]
              },
              "t": 65,
              "s": [
                100,
                100,
                100
              ]
            },
            {
              "i": {
                "x": [
                  0.4,
                  0.4,
                  0.4
                ],
                "y": [
                  1,
                  1,
                  1
                ]
              },
              "o": {
                "x": [
                  0.6,
                  0.6,
                  0.6
                ],
                "y": [
                  0,
                  0,
                  0
                ]
              },
              "t": 85,
              "s": [
                95,
                95,
                100
              ]
            },
            {
              "i": {
                "x": [
                  0.4,
                  0.4,
                  0.4
                ],
                "y": [
                  1,
                  1,
                  1
                ]
              },
              "o": {
                "x": [
                  0.6,
                  0.6,
                  0.6
                ],
                "y": [
                  0,
                  0,
                  0
                ]
              },
              "t": 103,
              "s": [
                100,
                100,
                100
              ]
            },
            {
              "i": {
                "x": [
                  0.4,
                  0.4,
                  0.4
                ],
                "y": [
                  1,
                  1,
                  1
                ]
              },
              "o": {
                "x": [
                  0.6,
                  0.6,
                  0.6
                ],
                "y": [
                  0,
                  0,
                  0
                ]
              },
              "t": 104,
              "s": [
                100,
                100,
                100
              ]
            },
            {
              "i": {
                "x": [
                  0.4,
                  0.4,
                  0.4
                ],
                "y": [
                  1,
                  1,
                  1
                ]
              },
              "o": {
                "x": [
                  0.6,
                  0.6,
                  0.6
                ],
                "y": [
                  0,
                  0,
                  0
                ]
              },
              "t": 126,
              "s": [
                95,
                95,
                100
              ]
            },
            {
              "t": 150,
              "s": [
                100,
                100,
                100
              ]
            }
          ],
          "ix": 6
        }
      },
      "ao": 0,
      "shapes": [
        {
          "ty": "gr",
          "it": [
            {
              "ind": 0,
              "ty": "sh",
              "ix": 1,
              "ks": {
                "a": 0,
                "k": {
                  "i": [
                    [
                      55.763,
                      0
                    ],
                    [
                      0,
                      -55.772
                    ],
                    [
                      0,
                      0
                    ],
                    [
                      0,
                      80.406
                    ]
                  ],
                  "o": [
                    [
                      -55.762,
                      0
                    ],
                    [
                      0,
                      80.406
                    ],
                    [
                      0,
                      0
                    ],
                    [
                      0,
                      -55.772
                    ]
                  ],
                  "v": [
                    [
                      0,
                      -152.914
                    ],
                    [
                      -100.97,
                      -51.942
                    ],
                    [
                      -0.75,
                      152.914
                    ],
                    [
                      100.97,
                      -51.942
                    ]
                  ],
                  "c": true
                },
                "ix": 2
              },
              "nm": "Path 1",
              "mn": "ADBE Vector Shape - Group",
              "hd": false
            },
            {
              "ty": "fl",
              "c": {
                "a": 0,
                "k": [
                  0.49019607843137253,
                  0.33725490196078434,
                  0.7607843137254902,
                  1
                ],
                "ix": 4
              },
              "o": {
                "a": 0,
                "k": 100,
                "ix": 5
              },
              "r": 1,
              "bm": 0,
              "nm": "Fill 1",
              "mn": "ADBE Vector Graphic - Fill",
              "hd": false
            },
            {
              "ty": "tr",
              "p": {
                "a": 0,
                "k": [
                  101.22,
                  153.164
                ],
                "ix": 2
              },
              "a": {
                "a": 0,
                "k": [
                  0,
                  0
                ],
                "ix": 1
              },
              "s": {
                "a": 0,
                "k": [
                  100,
                  100
                ],
                "ix": 3
              },
              "r": {
                "a": 0,
                "k": 0,
                "ix": 6
              },
              "o": {
                "a": 0,
                "k": 100,
                "ix": 7
              },
              "sk": {
                "a": 0,
                "k": 0,
                "ix": 4
              },
              "sa": {
                "a": 0,
                "k": 0,
                "ix": 5
              },
              "nm": "Transform"
            }
          ],
          "nm": "Group 1",
          "np": 2,
          "cix": 2,
          "bm": 0,
          "ix": 1,
          "mn": "ADBE Vector Group",
          "hd": false
        }
      ],
      "ip": 0,
      "op": 150,
      "st": 0,
      "bm": 0
    },
    {
      "ddd": 0,
      "ind": 3,
      "ty": 4,
      "nm": "Map",
      "sr": 1,
      "ks": {
        "o": {
          "a": 0,
          "k": 100,
          "ix": 11
        },
        "r": {
          "a": 0,
          "k": 0,
          "ix": 10
        },
        "p": {
          "a": 1,
          "k": [
            {
              "i": {
                "x": 0.4,
                "y": 1
              },
              "o": {
                "x": 0.6,
                "y": 0
              },
              "t": 0,
              "s": [
                204,
                336,
                0
              ],
              "to": [
                0,
                2.5,
                0
              ],
              "ti": [
                0,
                3.333,
                0
              ]
            },
            {
              "i": {
                "x": 0.4,
                "y": 1
              },
              "o": {
                "x": 0.6,
                "y": 0
              },
              "t": 20,
              "s": [
                204,
                351,
                0
              ],
              "to": [
                0,
                -3.333,
                0
              ],
              "ti": [
                0,
                2.5,
                0
              ]
            },
            {
              "i": {
                "x": 0.4,
                "y": 1
              },
              "o": {
                "x": 0.6,
                "y": 0
              },
              "t": 40,
              "s": [
                204,
                316,
                0
              ],
              "to": [
                0,
                -2.5,
                0
              ],
              "ti": [
                0,
                -3.333,
                0
              ]
            },
            {
              "t": 60,
              "s": [
                204,
                336,
                0
              ]
            }
          ],
          "ix": 2
        },
        "a": {
          "a": 0,
          "k": [
            175.25,
            69.913,
            0
          ],
          "ix": 1
        },
        "s": {
          "a": 0,
          "k": [
            100,
            100,
            100
          ],
          "ix": 6
        }
      },
      "ao": 0,
      "shapes": [
        {
          "ty": "gr",
          "it": [
            {
              "ind": 0,
              "ty": "sh",
              "ix": 1,
              "ks": {
                "a": 0,
                "k": {
                  "i": [
                    [
                      0,
                      0
                    ],
                    [
                      0,
                      0
                    ],
                    [
                      0,
                      0
                    ],
                    [
                      0,
                      0
                    ],
                    [
                      1.559,
                      -1.915
                    ],
                    [
                      -0.504,
                      -2.416
                    ],
                    [
                      0,
                      0
                    ],
                    [
                      0,
                      0
                    ],
                    [
                      0,
                      0
                    ],
                    [
                      0,
                      0
                    ],
                    [
                      0,
                      0
                    ],
                    [
                      0,
                      0
                    ],
                    [
                      0,
                      0
                    ],
                    [
                      0,
                      0
                    ],
                    [
                      0,
                      0
                    ],
                    [
                      0,
                      0
                    ],
                    [
                      0,
                      0
                    ],
                    [
                      0,
                      0
                    ],
                    [
                      0,
                      0
                    ],
                    [
                      0,
                      0
                    ]
                  ],
                  "o": [
                    [
                      0,
                      0
                    ],
                    [
                      0,
                      0
                    ],
                    [
                      0,
                      0
                    ],
                    [
                      -2.47,
                      0
                    ],
                    [
                      -1.557,
                      1.917
                    ],
                    [
                      0,
                      0
                    ],
                    [
                      0,
                      0
                    ],
                    [
                      0,
                      0
                    ],
                    [
                      0,
                      0
                    ],
                    [
                      0,
                      0
                    ],
                    [
                      0,
                      0
                    ],
                    [
                      0,
                      0
                    ],
                    [
                      0,
                      0
                    ],
                    [
                      0,
                      0
                    ],
                    [
                      0,
                      0
                    ],
                    [
                      0,
                      0
                    ],
                    [
                      0,
                      0
                    ],
                    [
                      0,
                      0
                    ],
                    [
                      0,
                      0
                    ],
                    [
                      0,
                      0
                    ]
                  ],
                  "v": [
                    [
                      93.288,
                      -11.921
                    ],
                    [
                      151.927,
                      -11.921
                    ],
                    [
                      145.487,
                      -28.327
                    ],
                    [
                      83.197,
                      -28.327
                    ],
                    [
                      76.831,
                      -25.299
                    ],
                    [
                      75.167,
                      -18.45
                    ],
                    [
                      82.621,
                      17.287
                    ],
                    [
                      -64.714,
                      17.287
                    ],
                    [
                      -46.581,
                      -69.663
                    ],
                    [
                      -63.338,
                      -69.663
                    ],
                    [
                      -81.471,
                      17.287
                    ],
                    [
                      -145.486,
                      17.287
                    ],
                    [
                      -151.927,
                      33.693
                    ],
                    [
                      -84.892,
                      33.693
                    ],
                    [
                      -92.394,
                      69.663
                    ],
                    [
                      -75.636,
                      69.663
                    ],
                    [
                      -68.135,
                      33.693
                    ],
                    [
                      86.043,
                      33.693
                    ],
                    [
                      93.544,
                      69.663
                    ],
                    [
                      110.301,
                      69.663
                    ]
                  ],
                  "c": true
                },
                "ix": 2
              },
              "nm": "Path 1",
              "mn": "ADBE Vector Shape - Group",
              "hd": false
            },
            {
              "ty": "fl",
              "c": {
                "a": 0,
                "k": [
                  0.188235294118,
                  0.274509803922,
                  0.450980392157,
                  1
                ],
                "ix": 4
              },
              "o": {
                "a": 0,
                "k": 100,
                "ix": 5
              },
              "r": 1,
              "bm": 0,
              "nm": "Fill 1",
              "mn": "ADBE Vector Graphic - Fill",
              "hd": false
            },
            {
              "ty": "tr",
              "p": {
                "a": 0,
                "k": [
                  166.297,
                  69.913
                ],
                "ix": 2
              },
              "a": {
                "a": 0,
                "k": [
                  0,
                  0
                ],
                "ix": 1
              },
              "s": {
                "a": 0,
                "k": [
                  100,
                  100
                ],
                "ix": 3
              },
              "r": {
                "a": 0,
                "k": 0,
                "ix": 6
              },
              "o": {
                "a": 0,
                "k": 100,
                "ix": 7
              },
              "sk": {
                "a": 0,
                "k": 0,
                "ix": 4
              },
              "sa": {
                "a": 0,
                "k": 0,
                "ix": 5
              },
              "nm": "Transform"
            }
          ],
          "nm": "Group 1",
          "np": 2,
          "cix": 2,
          "bm": 0,
          "ix": 1,
          "mn": "ADBE Vector Group",
          "hd": false
        },
        {
          "ty": "gr",
          "it": [
            {
              "ind": 0,
              "ty": "sh",
              "ix": 1,
              "ks": {
                "a": 0,
                "k": {
                  "i": [
                    [
                      0,
                      0
                    ],
                    [
                      0,
                      0
                    ],
                    [
                      0,
                      0
                    ],
                    [
                      0,
                      0
                    ],
                    [
                      0,
                      0
                    ]
                  ],
                  "o": [
                    [
                      0,
                      0
                    ],
                    [
                      0,
                      0
                    ],
                    [
                      0,
                      0
                    ],
                    [
                      0,
                      0
                    ],
                    [
                      0,
                      0
                    ]
                  ],
                  "v": [
                    [
                      120.307,
                      -69.663
                    ],
                    [
                      -0.665,
                      -69.663
                    ],
                    [
                      -120.307,
                      -69.663
                    ],
                    [
                      -175,
                      69.663
                    ],
                    [
                      175,
                      69.663
                    ]
                  ],
                  "c": true
                },
                "ix": 2
              },
              "nm": "Path 1",
              "mn": "ADBE Vector Shape - Group",
              "hd": false
            },
            {
              "ty": "fl",
              "c": {
                "a": 0,
                "k": [
                  0.921568687289,
                  0.921568687289,
                  0.921568687289,
                  1
                ],
                "ix": 4
              },
              "o": {
                "a": 0,
                "k": 100,
                "ix": 5
              },
              "r": 1,
              "bm": 0,
              "nm": "Fill 1",
              "mn": "ADBE Vector Graphic - Fill",
              "hd": false
            },
            {
              "ty": "tr",
              "p": {
                "a": 0,
                "k": [
                  175.25,
                  69.913
                ],
                "ix": 2
              },
              "a": {
                "a": 0,
                "k": [
                  0,
                  0
                ],
                "ix": 1
              },
              "s": {
                "a": 0,
                "k": [
                  100,
                  100
                ],
                "ix": 3
              },
              "r": {
                "a": 0,
                "k": 0,
                "ix": 6
              },
              "o": {
                "a": 0,
                "k": 100,
                "ix": 7
              },
              "sk": {
                "a": 0,
                "k": 0,
                "ix": 4
              },
              "sa": {
                "a": 0,
                "k": 0,
                "ix": 5
              },
              "nm": "Transform"
            }
          ],
          "nm": "Group 2",
          "np": 2,
          "cix": 2,
          "bm": 0,
          "ix": 2,
          "mn": "ADBE Vector Group",
          "hd": false
        }
      ],
      "ip": 0,
      "op": 150,
      "st": 0,
      "bm": 0
    }
  ],
  "markers": []
}