{
  "v": "5.6.1",
  "fr": 60,
  "ip": 0,
  "op": 480,
  "w": 1000,
  "h": 1000,
  "nm": "iqmedal",
  "ddd": 0,
  "assets": [],
  "layers": [
    {
      "ddd": 0,
      "ind": 1,
      "ty": 4,
      "nm": "s-dot Outlines",
      "sr": 1,
      "ks": {
        "o": {
          "a": 0,
          "k": 100,
          "ix": 11
        },
        "r": {
          "a": 0,
          "k": 0,
          "ix": 10
        },
        "p": {
          "a": 0,
          "k": [
            348.177,
            148.997,
            0
          ],
          "ix": 2
        },
        "a": {
          "a": 0,
          "k": [
            5.582,
            5.583,
            0
          ],
          "ix": 1
        },
        "s": {
          "a": 1,
          "k": [
            {
              "i": {
                "x": [
                  0.833,
                  0.833,
                  0.833
                ],
                "y": [
                  1,
                  1,
                  1
                ]
              },
              "o": {
                "x": [
                  0.167,
                  0.167,
                  0.167
                ],
                "y": [
                  0,
                  0,
                  0
                ]
              },
              "t": 60,
              "s": [
                80,
                80,
                100
              ]
            },
            {
              "i": {
                "x": [
                  0.833,
                  0.833,
                  0.833
                ],
                "y": [
                  1,
                  1,
                  1
                ]
              },
              "o": {
                "x": [
                  0.167,
                  0.167,
                  0.167
                ],
                "y": [
                  0,
                  0,
                  0
                ]
              },
              "t": 80,
              "s": [
                100,
                100,
                100
              ]
            },
            {
              "t": 100,
              "s": [
                80,
                80,
                100
              ]
            }
          ],
          "ix": 6,
          "x": "var $bm_rt;\n$bm_rt = loopOutDuration('cycle', 0);"
        }
      },
      "ao": 0,
      "shapes": [
        {
          "ty": "gr",
          "it": [
            {
              "ind": 0,
              "ty": "sh",
              "ix": 1,
              "ks": {
                "a": 0,
                "k": {
                  "i": [
                    [
                      0,
                      -2.945
                    ],
                    [
                      2.945,
                      0
                    ],
                    [
                      0,
                      2.945
                    ],
                    [
                      -2.945,
                      0
                    ]
                  ],
                  "o": [
                    [
                      0,
                      2.945
                    ],
                    [
                      -2.945,
                      0
                    ],
                    [
                      0,
                      -2.945
                    ],
                    [
                      2.945,
                      0
                    ]
                  ],
                  "v": [
                    [
                      5.333,
                      0
                    ],
                    [
                      0.001,
                      5.333
                    ],
                    [
                      -5.333,
                      0
                    ],
                    [
                      0.001,
                      -5.333
                    ]
                  ],
                  "c": true
                },
                "ix": 2
              },
              "nm": "Path 1",
              "mn": "ADBE Vector Shape - Group",
              "hd": false
            },
            {
              "ty": "fl",
              "c": {
                "a": 0,
                "k": [
                  1,
                  1,
                  1,
                  1
                ],
                "ix": 4
              },
              "o": {
                "a": 0,
                "k": 100,
                "ix": 5
              },
              "r": 1,
              "bm": 0,
              "nm": "Fill 1",
              "mn": "ADBE Vector Graphic - Fill",
              "hd": false
            },
            {
              "ty": "tr",
              "p": {
                "a": 0,
                "k": [
                  5.582,
                  5.583
                ],
                "ix": 2
              },
              "a": {
                "a": 0,
                "k": [
                  0,
                  0
                ],
                "ix": 1
              },
              "s": {
                "a": 0,
                "k": [
                  100,
                  100
                ],
                "ix": 3
              },
              "r": {
                "a": 0,
                "k": 0,
                "ix": 6
              },
              "o": {
                "a": 0,
                "k": 100,
                "ix": 7
              },
              "sk": {
                "a": 0,
                "k": 0,
                "ix": 4
              },
              "sa": {
                "a": 0,
                "k": 0,
                "ix": 5
              },
              "nm": "Transform"
            }
          ],
          "nm": "Group 1",
          "np": 2,
          "cix": 2,
          "bm": 0,
          "ix": 1,
          "mn": "ADBE Vector Group",
          "hd": false
        }
      ],
      "ip": 60,
      "op": 420,
      "st": 60,
      "bm": 0
    },
    {
      "ddd": 0,
      "ind": 2,
      "ty": 4,
      "nm": "dot2 Outlines",
      "sr": 1,
      "ks": {
        "o": {
          "a": 0,
          "k": 100,
          "ix": 11
        },
        "r": {
          "a": 0,
          "k": 0,
          "ix": 10
        },
        "p": {
          "a": 0,
          "k": [
            150.35,
            276.189,
            0
          ],
          "ix": 2
        },
        "a": {
          "a": 0,
          "k": [
            7.984,
            7.984,
            0
          ],
          "ix": 1
        },
        "s": {
          "a": 1,
          "k": [
            {
              "i": {
                "x": [
                  0.833,
                  0.833,
                  0.833
                ],
                "y": [
                  1,
                  1,
                  1
                ]
              },
              "o": {
                "x": [
                  0.167,
                  0.167,
                  0.167
                ],
                "y": [
                  0,
                  0,
                  0
                ]
              },
              "t": 60,
              "s": [
                80,
                80,
                100
              ]
            },
            {
              "i": {
                "x": [
                  0.833,
                  0.833,
                  0.833
                ],
                "y": [
                  1,
                  1,
                  1
                ]
              },
              "o": {
                "x": [
                  0.167,
                  0.167,
                  0.167
                ],
                "y": [
                  0,
                  0,
                  0
                ]
              },
              "t": 80,
              "s": [
                100,
                100,
                100
              ]
            },
            {
              "t": 100,
              "s": [
                80,
                80,
                100
              ]
            }
          ],
          "ix": 6,
          "x": "var $bm_rt;\n$bm_rt = loopOutDuration('cycle', 0);"
        }
      },
      "ao": 0,
      "shapes": [
        {
          "ty": "gr",
          "it": [
            {
              "ind": 0,
              "ty": "sh",
              "ix": 1,
              "ks": {
                "a": 0,
                "k": {
                  "i": [
                    [
                      0,
                      -4.271
                    ],
                    [
                      4.272,
                      0
                    ],
                    [
                      0,
                      4.271
                    ],
                    [
                      -4.271,
                      0
                    ]
                  ],
                  "o": [
                    [
                      0,
                      4.271
                    ],
                    [
                      -4.271,
                      0
                    ],
                    [
                      0,
                      -4.271
                    ],
                    [
                      4.272,
                      0
                    ]
                  ],
                  "v": [
                    [
                      7.735,
                      0
                    ],
                    [
                      -0.001,
                      7.734
                    ],
                    [
                      -7.735,
                      0
                    ],
                    [
                      -0.001,
                      -7.734
                    ]
                  ],
                  "c": true
                },
                "ix": 2
              },
              "nm": "Path 1",
              "mn": "ADBE Vector Shape - Group",
              "hd": false
            },
            {
              "ty": "fl",
              "c": {
                "a": 0,
                "k": [
                  1,
                  1,
                  1,
                  1
                ],
                "ix": 4
              },
              "o": {
                "a": 0,
                "k": 100,
                "ix": 5
              },
              "r": 1,
              "bm": 0,
              "nm": "Fill 1",
              "mn": "ADBE Vector Graphic - Fill",
              "hd": false
            },
            {
              "ty": "tr",
              "p": {
                "a": 0,
                "k": [
                  7.984,
                  7.984
                ],
                "ix": 2
              },
              "a": {
                "a": 0,
                "k": [
                  0,
                  0
                ],
                "ix": 1
              },
              "s": {
                "a": 0,
                "k": [
                  100,
                  100
                ],
                "ix": 3
              },
              "r": {
                "a": 0,
                "k": 0,
                "ix": 6
              },
              "o": {
                "a": 0,
                "k": 100,
                "ix": 7
              },
              "sk": {
                "a": 0,
                "k": 0,
                "ix": 4
              },
              "sa": {
                "a": 0,
                "k": 0,
                "ix": 5
              },
              "nm": "Transform"
            }
          ],
          "nm": "Group 1",
          "np": 2,
          "cix": 2,
          "bm": 0,
          "ix": 1,
          "mn": "ADBE Vector Group",
          "hd": false
        }
      ],
      "ip": 60,
      "op": 420,
      "st": 60,
      "bm": 0
    },
    {
      "ddd": 0,
      "ind": 3,
      "ty": 4,
      "nm": "s-dot2 Outlines",
      "sr": 1,
      "ks": {
        "o": {
          "a": 0,
          "k": 100,
          "ix": 11
        },
        "r": {
          "a": 0,
          "k": 0,
          "ix": 10
        },
        "p": {
          "a": 0,
          "k": [
            161.078,
            298.036,
            0
          ],
          "ix": 2
        },
        "a": {
          "a": 0,
          "k": [
            5.24,
            5.24,
            0
          ],
          "ix": 1
        },
        "s": {
          "a": 1,
          "k": [
            {
              "i": {
                "x": [
                  0.833,
                  0.833,
                  0.833
                ],
                "y": [
                  1,
                  1,
                  1
                ]
              },
              "o": {
                "x": [
                  0.167,
                  0.167,
                  0.167
                ],
                "y": [
                  0,
                  0,
                  0
                ]
              },
              "t": 60,
              "s": [
                80,
                80,
                100
              ]
            },
            {
              "i": {
                "x": [
                  0.833,
                  0.833,
                  0.833
                ],
                "y": [
                  1,
                  1,
                  1
                ]
              },
              "o": {
                "x": [
                  0.167,
                  0.167,
                  0.167
                ],
                "y": [
                  0,
                  0,
                  0
                ]
              },
              "t": 80,
              "s": [
                100,
                100,
                100
              ]
            },
            {
              "t": 100,
              "s": [
                80,
                80,
                100
              ]
            }
          ],
          "ix": 6,
          "x": "var $bm_rt;\n$bm_rt = loopOutDuration('cycle', 0);"
        }
      },
      "ao": 0,
      "shapes": [
        {
          "ty": "gr",
          "it": [
            {
              "ind": 0,
              "ty": "sh",
              "ix": 1,
              "ks": {
                "a": 0,
                "k": {
                  "i": [
                    [
                      0,
                      -2.756
                    ],
                    [
                      2.756,
                      0
                    ],
                    [
                      0,
                      2.756
                    ],
                    [
                      -2.756,
                      0
                    ]
                  ],
                  "o": [
                    [
                      0,
                      2.756
                    ],
                    [
                      -2.756,
                      0
                    ],
                    [
                      0,
                      -2.756
                    ],
                    [
                      2.756,
                      0
                    ]
                  ],
                  "v": [
                    [
                      4.99,
                      0
                    ],
                    [
                      0,
                      4.99
                    ],
                    [
                      -4.99,
                      0
                    ],
                    [
                      0,
                      -4.99
                    ]
                  ],
                  "c": true
                },
                "ix": 2
              },
              "nm": "Path 1",
              "mn": "ADBE Vector Shape - Group",
              "hd": false
            },
            {
              "ty": "fl",
              "c": {
                "a": 0,
                "k": [
                  1,
                  1,
                  1,
                  1
                ],
                "ix": 4
              },
              "o": {
                "a": 0,
                "k": 100,
                "ix": 5
              },
              "r": 1,
              "bm": 0,
              "nm": "Fill 1",
              "mn": "ADBE Vector Graphic - Fill",
              "hd": false
            },
            {
              "ty": "tr",
              "p": {
                "a": 0,
                "k": [
                  5.24,
                  5.24
                ],
                "ix": 2
              },
              "a": {
                "a": 0,
                "k": [
                  0,
                  0
                ],
                "ix": 1
              },
              "s": {
                "a": 0,
                "k": [
                  100,
                  100
                ],
                "ix": 3
              },
              "r": {
                "a": 0,
                "k": 0,
                "ix": 6
              },
              "o": {
                "a": 0,
                "k": 100,
                "ix": 7
              },
              "sk": {
                "a": 0,
                "k": 0,
                "ix": 4
              },
              "sa": {
                "a": 0,
                "k": 0,
                "ix": 5
              },
              "nm": "Transform"
            }
          ],
          "nm": "Group 1",
          "np": 2,
          "cix": 2,
          "bm": 0,
          "ix": 1,
          "mn": "ADBE Vector Group",
          "hd": false
        }
      ],
      "ip": 60,
      "op": 420,
      "st": 60,
      "bm": 0
    },
    {
      "ddd": 0,
      "ind": 4,
      "ty": 4,
      "nm": "dot Outlines",
      "sr": 1,
      "ks": {
        "o": {
          "a": 0,
          "k": 100,
          "ix": 11
        },
        "r": {
          "a": 0,
          "k": 0,
          "ix": 10
        },
        "p": {
          "a": 0,
          "k": [
            339.74,
            300.319,
            0
          ],
          "ix": 2
        },
        "a": {
          "a": 0,
          "k": [
            7.522,
            7.522,
            0
          ],
          "ix": 1
        },
        "s": {
          "a": 1,
          "k": [
            {
              "i": {
                "x": [
                  0.833,
                  0.833,
                  0.833
                ],
                "y": [
                  1,
                  1,
                  1
                ]
              },
              "o": {
                "x": [
                  0.167,
                  0.167,
                  0.167
                ],
                "y": [
                  0,
                  0,
                  0
                ]
              },
              "t": 60,
              "s": [
                80,
                80,
                100
              ]
            },
            {
              "i": {
                "x": [
                  0.833,
                  0.833,
                  0.833
                ],
                "y": [
                  1,
                  1,
                  1
                ]
              },
              "o": {
                "x": [
                  0.167,
                  0.167,
                  0.167
                ],
                "y": [
                  0,
                  0,
                  0
                ]
              },
              "t": 80,
              "s": [
                100,
                100,
                100
              ]
            },
            {
              "t": 100,
              "s": [
                80,
                80,
                100
              ]
            }
          ],
          "ix": 6,
          "x": "var $bm_rt;\n$bm_rt = loopOutDuration('cycle', 0);"
        }
      },
      "ao": 0,
      "shapes": [
        {
          "ty": "gr",
          "it": [
            {
              "ind": 0,
              "ty": "sh",
              "ix": 1,
              "ks": {
                "a": 0,
                "k": {
                  "i": [
                    [
                      0,
                      -4.017
                    ],
                    [
                      4.016,
                      0
                    ],
                    [
                      0,
                      4.018
                    ],
                    [
                      -4.017,
                      0
                    ]
                  ],
                  "o": [
                    [
                      0,
                      4.018
                    ],
                    [
                      -4.017,
                      0
                    ],
                    [
                      0,
                      -4.017
                    ],
                    [
                      4.016,
                      0
                    ]
                  ],
                  "v": [
                    [
                      7.273,
                      -0.001
                    ],
                    [
                      0.001,
                      7.273
                    ],
                    [
                      -7.273,
                      -0.001
                    ],
                    [
                      0.001,
                      -7.273
                    ]
                  ],
                  "c": true
                },
                "ix": 2
              },
              "nm": "Path 1",
              "mn": "ADBE Vector Shape - Group",
              "hd": false
            },
            {
              "ty": "fl",
              "c": {
                "a": 0,
                "k": [
                  1,
                  1,
                  1,
                  1
                ],
                "ix": 4
              },
              "o": {
                "a": 0,
                "k": 100,
                "ix": 5
              },
              "r": 1,
              "bm": 0,
              "nm": "Fill 1",
              "mn": "ADBE Vector Graphic - Fill",
              "hd": false
            },
            {
              "ty": "tr",
              "p": {
                "a": 0,
                "k": [
                  7.522,
                  7.523
                ],
                "ix": 2
              },
              "a": {
                "a": 0,
                "k": [
                  0,
                  0
                ],
                "ix": 1
              },
              "s": {
                "a": 0,
                "k": [
                  100,
                  100
                ],
                "ix": 3
              },
              "r": {
                "a": 0,
                "k": 0,
                "ix": 6
              },
              "o": {
                "a": 0,
                "k": 100,
                "ix": 7
              },
              "sk": {
                "a": 0,
                "k": 0,
                "ix": 4
              },
              "sa": {
                "a": 0,
                "k": 0,
                "ix": 5
              },
              "nm": "Transform"
            }
          ],
          "nm": "Group 1",
          "np": 2,
          "cix": 2,
          "bm": 0,
          "ix": 1,
          "mn": "ADBE Vector Group",
          "hd": false
        }
      ],
      "ip": 60,
      "op": 420,
      "st": 60,
      "bm": 0
    },
    {
      "ddd": 0,
      "ind": 5,
      "ty": 4,
      "nm": "plus2 Outlines",
      "sr": 1,
      "ks": {
        "o": {
          "a": 0,
          "k": 100,
          "ix": 11
        },
        "r": {
          "a": 0,
          "k": 0,
          "ix": 10
        },
        "p": {
          "a": 0,
          "k": [
            361.984,
            172.247,
            0
          ],
          "ix": 2
        },
        "a": {
          "a": 0,
          "k": [
            9.15,
            9.15,
            0
          ],
          "ix": 1
        },
        "s": {
          "a": 1,
          "k": [
            {
              "i": {
                "x": [
                  0.833,
                  0.833,
                  0.833
                ],
                "y": [
                  1,
                  1,
                  1
                ]
              },
              "o": {
                "x": [
                  0.167,
                  0.167,
                  0.167
                ],
                "y": [
                  0,
                  0,
                  0
                ]
              },
              "t": 60,
              "s": [
                80,
                80,
                100
              ]
            },
            {
              "i": {
                "x": [
                  0.833,
                  0.833,
                  0.833
                ],
                "y": [
                  1,
                  1,
                  1
                ]
              },
              "o": {
                "x": [
                  0.167,
                  0.167,
                  0.167
                ],
                "y": [
                  0,
                  0,
                  0
                ]
              },
              "t": 80,
              "s": [
                100,
                100,
                100
              ]
            },
            {
              "t": 100,
              "s": [
                80,
                80,
                100
              ]
            }
          ],
          "ix": 6,
          "x": "var $bm_rt;\n$bm_rt = loopOutDuration('cycle', 0);"
        }
      },
      "ao": 0,
      "shapes": [
        {
          "ty": "gr",
          "it": [
            {
              "ind": 0,
              "ty": "sh",
              "ix": 1,
              "ks": {
                "a": 0,
                "k": {
                  "i": [
                    [
                      0,
                      0
                    ],
                    [
                      0,
                      0
                    ],
                    [
                      0,
                      0
                    ],
                    [
                      0,
                      0
                    ],
                    [
                      0,
                      0
                    ],
                    [
                      0,
                      0
                    ],
                    [
                      0,
                      0
                    ],
                    [
                      0,
                      0
                    ],
                    [
                      0,
                      0
                    ],
                    [
                      0,
                      0
                    ],
                    [
                      0,
                      0
                    ],
                    [
                      0,
                      0
                    ]
                  ],
                  "o": [
                    [
                      0,
                      0
                    ],
                    [
                      0,
                      0
                    ],
                    [
                      0,
                      0
                    ],
                    [
                      0,
                      0
                    ],
                    [
                      0,
                      0
                    ],
                    [
                      0,
                      0
                    ],
                    [
                      0,
                      0
                    ],
                    [
                      0,
                      0
                    ],
                    [
                      0,
                      0
                    ],
                    [
                      0,
                      0
                    ],
                    [
                      0,
                      0
                    ],
                    [
                      0,
                      0
                    ]
                  ],
                  "v": [
                    [
                      1.931,
                      -1.932
                    ],
                    [
                      1.931,
                      -8.9
                    ],
                    [
                      -1.932,
                      -8.9
                    ],
                    [
                      -1.932,
                      -1.932
                    ],
                    [
                      -8.9,
                      -1.932
                    ],
                    [
                      -8.9,
                      1.931
                    ],
                    [
                      -1.932,
                      1.931
                    ],
                    [
                      -1.932,
                      8.9
                    ],
                    [
                      1.931,
                      8.9
                    ],
                    [
                      1.931,
                      1.931
                    ],
                    [
                      8.9,
                      1.931
                    ],
                    [
                      8.9,
                      -1.932
                    ]
                  ],
                  "c": true
                },
                "ix": 2
              },
              "nm": "Path 1",
              "mn": "ADBE Vector Shape - Group",
              "hd": false
            },
            {
              "ty": "fl",
              "c": {
                "a": 0,
                "k": [
                  1,
                  1,
                  1,
                  1
                ],
                "ix": 4
              },
              "o": {
                "a": 0,
                "k": 100,
                "ix": 5
              },
              "r": 1,
              "bm": 0,
              "nm": "Fill 1",
              "mn": "ADBE Vector Graphic - Fill",
              "hd": false
            },
            {
              "ty": "tr",
              "p": {
                "a": 0,
                "k": [
                  9.15,
                  9.15
                ],
                "ix": 2
              },
              "a": {
                "a": 0,
                "k": [
                  0,
                  0
                ],
                "ix": 1
              },
              "s": {
                "a": 0,
                "k": [
                  100,
                  100
                ],
                "ix": 3
              },
              "r": {
                "a": 0,
                "k": 0,
                "ix": 6
              },
              "o": {
                "a": 0,
                "k": 100,
                "ix": 7
              },
              "sk": {
                "a": 0,
                "k": 0,
                "ix": 4
              },
              "sa": {
                "a": 0,
                "k": 0,
                "ix": 5
              },
              "nm": "Transform"
            }
          ],
          "nm": "Group 1",
          "np": 2,
          "cix": 2,
          "bm": 0,
          "ix": 1,
          "mn": "ADBE Vector Group",
          "hd": false
        }
      ],
      "ip": 60,
      "op": 420,
      "st": 60,
      "bm": 0
    },
    {
      "ddd": 0,
      "ind": 6,
      "ty": 4,
      "nm": "plus Outlines",
      "sr": 1,
      "ks": {
        "o": {
          "a": 0,
          "k": 100,
          "ix": 11
        },
        "r": {
          "a": 0,
          "k": 0,
          "ix": 10
        },
        "p": {
          "a": 0,
          "k": [
            151.526,
            137.773,
            0
          ],
          "ix": 2
        },
        "a": {
          "a": 0,
          "k": [
            11.502,
            11.502,
            0
          ],
          "ix": 1
        },
        "s": {
          "a": 1,
          "k": [
            {
              "i": {
                "x": [
                  0.833,
                  0.833,
                  0.833
                ],
                "y": [
                  1,
                  1,
                  1
                ]
              },
              "o": {
                "x": [
                  0.167,
                  0.167,
                  0.167
                ],
                "y": [
                  0,
                  0,
                  0
                ]
              },
              "t": 60,
              "s": [
                80,
                80,
                100
              ]
            },
            {
              "i": {
                "x": [
                  0.833,
                  0.833,
                  0.833
                ],
                "y": [
                  1,
                  1,
                  1
                ]
              },
              "o": {
                "x": [
                  0.167,
                  0.167,
                  0.167
                ],
                "y": [
                  0,
                  0,
                  0
                ]
              },
              "t": 80,
              "s": [
                100,
                100,
                100
              ]
            },
            {
              "t": 100,
              "s": [
                80,
                80,
                100
              ]
            }
          ],
          "ix": 6,
          "x": "var $bm_rt;\n$bm_rt = loopOutDuration('cycle', 0);"
        }
      },
      "ao": 0,
      "shapes": [
        {
          "ty": "gr",
          "it": [
            {
              "ind": 0,
              "ty": "sh",
              "ix": 1,
              "ks": {
                "a": 0,
                "k": {
                  "i": [
                    [
                      0,
                      0
                    ],
                    [
                      0,
                      0
                    ],
                    [
                      0,
                      0
                    ],
                    [
                      0,
                      0
                    ],
                    [
                      0,
                      0
                    ],
                    [
                      0,
                      0
                    ],
                    [
                      0,
                      0
                    ],
                    [
                      0,
                      0
                    ],
                    [
                      0,
                      0
                    ],
                    [
                      0,
                      0
                    ],
                    [
                      0,
                      0
                    ],
                    [
                      0,
                      0
                    ]
                  ],
                  "o": [
                    [
                      0,
                      0
                    ],
                    [
                      0,
                      0
                    ],
                    [
                      0,
                      0
                    ],
                    [
                      0,
                      0
                    ],
                    [
                      0,
                      0
                    ],
                    [
                      0,
                      0
                    ],
                    [
                      0,
                      0
                    ],
                    [
                      0,
                      0
                    ],
                    [
                      0,
                      0
                    ],
                    [
                      0,
                      0
                    ],
                    [
                      0,
                      0
                    ],
                    [
                      0,
                      0
                    ]
                  ],
                  "v": [
                    [
                      2.441,
                      -2.441
                    ],
                    [
                      2.441,
                      -11.252
                    ],
                    [
                      -2.442,
                      -11.252
                    ],
                    [
                      -2.442,
                      -2.441
                    ],
                    [
                      -11.252,
                      -2.441
                    ],
                    [
                      -11.252,
                      2.441
                    ],
                    [
                      -2.442,
                      2.441
                    ],
                    [
                      -2.442,
                      11.252
                    ],
                    [
                      2.441,
                      11.252
                    ],
                    [
                      2.441,
                      2.441
                    ],
                    [
                      11.252,
                      2.441
                    ],
                    [
                      11.252,
                      -2.441
                    ]
                  ],
                  "c": true
                },
                "ix": 2
              },
              "nm": "Path 1",
              "mn": "ADBE Vector Shape - Group",
              "hd": false
            },
            {
              "ty": "fl",
              "c": {
                "a": 0,
                "k": [
                  1,
                  1,
                  1,
                  1
                ],
                "ix": 4
              },
              "o": {
                "a": 0,
                "k": 100,
                "ix": 5
              },
              "r": 1,
              "bm": 0,
              "nm": "Fill 1",
              "mn": "ADBE Vector Graphic - Fill",
              "hd": false
            },
            {
              "ty": "tr",
              "p": {
                "a": 0,
                "k": [
                  11.502,
                  11.502
                ],
                "ix": 2
              },
              "a": {
                "a": 0,
                "k": [
                  0,
                  0
                ],
                "ix": 1
              },
              "s": {
                "a": 0,
                "k": [
                  100,
                  100
                ],
                "ix": 3
              },
              "r": {
                "a": 0,
                "k": 0,
                "ix": 6
              },
              "o": {
                "a": 0,
                "k": 100,
                "ix": 7
              },
              "sk": {
                "a": 0,
                "k": 0,
                "ix": 4
              },
              "sa": {
                "a": 0,
                "k": 0,
                "ix": 5
              },
              "nm": "Transform"
            }
          ],
          "nm": "Group 1",
          "np": 2,
          "cix": 2,
          "bm": 0,
          "ix": 1,
          "mn": "ADBE Vector Group",
          "hd": false
        }
      ],
      "ip": 60,
      "op": 420,
      "st": 60,
      "bm": 0
    },
    {
      "ddd": 0,
      "ind": 7,
      "ty": 4,
      "nm": "q Outlines",
      "sr": 1,
      "ks": {
        "o": {
          "a": 0,
          "k": 100,
          "ix": 11
        },
        "r": {
          "a": 0,
          "k": 0,
          "ix": 10
        },
        "p": {
          "a": 0,
          "k": [
            250.947,
            215.79,
            0
          ],
          "ix": 2
        },
        "a": {
          "a": 0,
          "k": [
            47.939,
            49.322,
            0
          ],
          "ix": 1
        },
        "s": {
          "a": 1,
          "k": [
            {
              "i": {
                "x": [
                  0.102,
                  0.102,
                  0.667
                ],
                "y": [
                  1,
                  1,
                  1
                ]
              },
              "o": {
                "x": [
                  0.333,
                  0.333,
                  0.333
                ],
                "y": [
                  0,
                  0,
                  0
                ]
              },
              "t": 48,
              "s": [
                0,
                0,
                100
              ]
            },
            {
              "i": {
                "x": [
                  0.102,
                  0.102,
                  0.667
                ],
                "y": [
                  1,
                  1,
                  1
                ]
              },
              "o": {
                "x": [
                  0.167,
                  0.167,
                  0.167
                ],
                "y": [
                  0,
                  0,
                  0
                ]
              },
              "t": 72,
              "s": [
                100,
                100,
                100
              ]
            },
            {
              "i": {
                "x": [
                  0.833,
                  0.833,
                  0.833
                ],
                "y": [
                  1,
                  1,
                  1
                ]
              },
              "o": {
                "x": [
                  0.167,
                  0.167,
                  0.167
                ],
                "y": [
                  0,
                  0,
                  0
                ]
              },
              "t": 414,
              "s": [
                100,
                100,
                100
              ]
            },
            {
              "t": 437,
              "s": [
                0,
                0,
                100
              ]
            }
          ],
          "ix": 6
        }
      },
      "ao": 0,
      "shapes": [
        {
          "ty": "gr",
          "it": [
            {
              "ind": 0,
              "ty": "sh",
              "ix": 1,
              "ks": {
                "a": 0,
                "k": {
                  "i": [
                    [
                      2.833,
                      -4.71
                    ],
                    [
                      0,
                      0
                    ],
                    [
                      0,
                      0
                    ],
                    [
                      0,
                      0
                    ],
                    [
                      4.048,
                      0
                    ],
                    [
                      0,
                      17.271
                    ],
                    [
                      -17.257,
                      0
                    ],
                    [
                      0,
                      -17.271
                    ]
                  ],
                  "o": [
                    [
                      0,
                      0
                    ],
                    [
                      0,
                      0
                    ],
                    [
                      0,
                      0
                    ],
                    [
                      -3.556,
                      1.407
                    ],
                    [
                      -17.257,
                      0
                    ],
                    [
                      0,
                      -17.271
                    ],
                    [
                      17.257,
                      0
                    ],
                    [
                      0,
                      5.884
                    ]
                  ],
                  "v": [
                    [
                      23.23,
                      11.021
                    ],
                    [
                      47.689,
                      34.64
                    ],
                    [
                      33.752,
                      49.072
                    ],
                    [
                      7.861,
                      24.068
                    ],
                    [
                      -3.614,
                      26.249
                    ],
                    [
                      -34.922,
                      -5.084
                    ],
                    [
                      -3.614,
                      -36.418
                    ],
                    [
                      27.694,
                      -5.085
                    ]
                  ],
                  "c": true
                },
                "ix": 2
              },
              "nm": "Path 1",
              "mn": "ADBE Vector Shape - Group",
              "hd": false
            },
            {
              "ind": 1,
              "ty": "sh",
              "ix": 2,
              "ks": {
                "a": 0,
                "k": {
                  "i": [
                    [
                      24.136,
                      0
                    ],
                    [
                      0,
                      -24.257
                    ],
                    [
                      -24.136,
                      0
                    ],
                    [
                      0,
                      24.256
                    ]
                  ],
                  "o": [
                    [
                      -24.136,
                      0
                    ],
                    [
                      0,
                      24.256
                    ],
                    [
                      24.136,
                      0
                    ],
                    [
                      0,
                      -24.257
                    ]
                  ],
                  "v": [
                    [
                      -3.918,
                      -49.072
                    ],
                    [
                      -47.689,
                      -5.084
                    ],
                    [
                      -3.918,
                      38.903
                    ],
                    [
                      39.853,
                      -5.085
                    ]
                  ],
                  "c": true
                },
                "ix": 2
              },
              "nm": "Path 2",
              "mn": "ADBE Vector Shape - Group",
              "hd": false
            },
            {
              "ty": "mm",
              "mm": 1,
              "nm": "Merge Paths 1",
              "mn": "ADBE Vector Filter - Merge",
              "hd": false
            },
            {
              "ty": "fl",
              "c": {
                "a": 0,
                "k": [
                  0.952999997606,
                  0.713999968884,
                  0.26699999641,
                  1
                ],
                "ix": 4
              },
              "o": {
                "a": 0,
                "k": 100,
                "ix": 5
              },
              "r": 1,
              "bm": 0,
              "nm": "Fill 1",
              "mn": "ADBE Vector Graphic - Fill",
              "hd": false
            },
            {
              "ty": "tr",
              "p": {
                "a": 0,
                "k": [
                  47.939,
                  49.322
                ],
                "ix": 2
              },
              "a": {
                "a": 0,
                "k": [
                  0,
                  0
                ],
                "ix": 1
              },
              "s": {
                "a": 0,
                "k": [
                  100,
                  100
                ],
                "ix": 3
              },
              "r": {
                "a": 0,
                "k": 0,
                "ix": 6
              },
              "o": {
                "a": 0,
                "k": 100,
                "ix": 7
              },
              "sk": {
                "a": 0,
                "k": 0,
                "ix": 4
              },
              "sa": {
                "a": 0,
                "k": 0,
                "ix": 5
              },
              "nm": "Transform"
            }
          ],
          "nm": "Group 1",
          "np": 4,
          "cix": 2,
          "bm": 0,
          "ix": 1,
          "mn": "ADBE Vector Group",
          "hd": false
        }
      ],
      "ip": 19,
      "op": 499,
      "st": 19,
      "bm": 0
    },
    {
      "ddd": 0,
      "ind": 8,
      "ty": 4,
      "nm": "Layer 13 Outlines",
      "sr": 1,
      "ks": {
        "o": {
          "a": 0,
          "k": 100,
          "ix": 11
        },
        "r": {
          "a": 0,
          "k": 0,
          "ix": 10
        },
        "p": {
          "a": 0,
          "k": [
            249.467,
            213.211,
            0
          ],
          "ix": 2
        },
        "a": {
          "a": 0,
          "k": [
            86.939,
            86.939,
            0
          ],
          "ix": 1
        },
        "s": {
          "a": 1,
          "k": [
            {
              "i": {
                "x": [
                  0.102,
                  0.102,
                  0.667
                ],
                "y": [
                  1,
                  1,
                  1
                ]
              },
              "o": {
                "x": [
                  0.333,
                  0.333,
                  0.333
                ],
                "y": [
                  0,
                  0,
                  0
                ]
              },
              "t": 0,
              "s": [
                0,
                0,
                100
              ]
            },
            {
              "i": {
                "x": [
                  0.102,
                  0.102,
                  0.667
                ],
                "y": [
                  1,
                  1,
                  1
                ]
              },
              "o": {
                "x": [
                  0.167,
                  0.167,
                  0.167
                ],
                "y": [
                  0,
                  0,
                  0
                ]
              },
              "t": 72,
              "s": [
                100,
                100,
                100
              ]
            },
            {
              "i": {
                "x": [
                  0.667,
                  0.667,
                  0.667
                ],
                "y": [
                  1,
                  1,
                  1
                ]
              },
              "o": {
                "x": [
                  0.167,
                  0.167,
                  0.167
                ],
                "y": [
                  0,
                  0,
                  0
                ]
              },
              "t": 417,
              "s": [
                100,
                100,
                100
              ]
            },
            {
              "t": 441,
              "s": [
                0,
                0,
                100
              ]
            }
          ],
          "ix": 6
        }
      },
      "ao": 0,
      "shapes": [
        {
          "ty": "gr",
          "it": [
            {
              "ind": 0,
              "ty": "sh",
              "ix": 1,
              "ks": {
                "a": 0,
                "k": {
                  "i": [
                    [
                      0,
                      47.877
                    ],
                    [
                      47.876,
                      0
                    ],
                    [
                      0,
                      -47.877
                    ],
                    [
                      -47.878,
                      0
                    ]
                  ],
                  "o": [
                    [
                      0,
                      -47.877
                    ],
                    [
                      -47.878,
                      0
                    ],
                    [
                      0,
                      47.877
                    ],
                    [
                      47.876,
                      0
                    ]
                  ],
                  "v": [
                    [
                      86.689,
                      0
                    ],
                    [
                      0,
                      -86.689
                    ],
                    [
                      -86.689,
                      0
                    ],
                    [
                      0,
                      86.689
                    ]
                  ],
                  "c": true
                },
                "ix": 2
              },
              "nm": "Path 1",
              "mn": "ADBE Vector Shape - Group",
              "hd": false
            },
            {
              "ty": "fl",
              "c": {
                "a": 0,
                "k": [
                  0.987999949736,
                  0.902000038297,
                  0.411999990426,
                  1
                ],
                "ix": 4
              },
              "o": {
                "a": 0,
                "k": 100,
                "ix": 5
              },
              "r": 1,
              "bm": 0,
              "nm": "Fill 1",
              "mn": "ADBE Vector Graphic - Fill",
              "hd": false
            },
            {
              "ty": "tr",
              "p": {
                "a": 0,
                "k": [
                  86.939,
                  86.939
                ],
                "ix": 2
              },
              "a": {
                "a": 0,
                "k": [
                  0,
                  0
                ],
                "ix": 1
              },
              "s": {
                "a": 0,
                "k": [
                  100,
                  100
                ],
                "ix": 3
              },
              "r": {
                "a": 0,
                "k": 0,
                "ix": 6
              },
              "o": {
                "a": 0,
                "k": 100,
                "ix": 7
              },
              "sk": {
                "a": 0,
                "k": 0,
                "ix": 4
              },
              "sa": {
                "a": 0,
                "k": 0,
                "ix": 5
              },
              "nm": "Transform"
            }
          ],
          "nm": "Group 1",
          "np": 2,
          "cix": 2,
          "bm": 0,
          "ix": 1,
          "mn": "ADBE Vector Group",
          "hd": false
        }
      ],
      "ip": 0,
      "op": 480,
      "st": 0,
      "bm": 0
    },
    {
      "ddd": 0,
      "ind": 9,
      "ty": 4,
      "nm": "Layer 14 Outlines",
      "sr": 1,
      "ks": {
        "o": {
          "a": 0,
          "k": 100,
          "ix": 11
        },
        "r": {
          "a": 1,
          "k": [
            {
              "i": {
                "x": [
                  0.212
                ],
                "y": [
                  1
                ]
              },
              "o": {
                "x": [
                  0.333
                ],
                "y": [
                  0
                ]
              },
              "t": 18,
              "s": [
                0
              ]
            },
            {
              "i": {
                "x": [
                  0.758
                ],
                "y": [
                  1
                ]
              },
              "o": {
                "x": [
                  0.167
                ],
                "y": [
                  0
                ]
              },
              "t": 91,
              "s": [
                360
              ]
            },
            {
              "i": {
                "x": [
                  0.263
                ],
                "y": [
                  1
                ]
              },
              "o": {
                "x": [
                  0.167
                ],
                "y": [
                  0
                ]
              },
              "t": 397,
              "s": [
                360
              ]
            },
            {
              "t": 432,
              "s": [
                0
              ]
            }
          ],
          "ix": 10
        },
        "p": {
          "a": 0,
          "k": [
            249.467,
            213.211,
            0
          ],
          "ix": 2
        },
        "a": {
          "a": 0,
          "k": [
            105.274,
            105.275,
            0
          ],
          "ix": 1
        },
        "s": {
          "a": 1,
          "k": [
            {
              "i": {
                "x": [
                  0.208,
                  0.208,
                  0.667
                ],
                "y": [
                  1,
                  1,
                  1
                ]
              },
              "o": {
                "x": [
                  0.333,
                  0.333,
                  0.333
                ],
                "y": [
                  0,
                  0,
                  0
                ]
              },
              "t": 0,
              "s": [
                0,
                0,
                100
              ]
            },
            {
              "i": {
                "x": [
                  0.208,
                  0.208,
                  0.667
                ],
                "y": [
                  1,
                  1,
                  1
                ]
              },
              "o": {
                "x": [
                  0.333,
                  0.333,
                  0.333
                ],
                "y": [
                  0,
                  0,
                  0
                ]
              },
              "t": 73,
              "s": [
                100,
                100,
                100
              ]
            },
            {
              "i": {
                "x": [
                  0.667,
                  0.667,
                  0.667
                ],
                "y": [
                  1,
                  1,
                  1
                ]
              },
              "o": {
                "x": [
                  0.333,
                  0.333,
                  0.333
                ],
                "y": [
                  0,
                  0,
                  0
                ]
              },
              "t": 416,
              "s": [
                100,
                100,
                100
              ]
            },
            {
              "t": 439,
              "s": [
                0,
                0,
                100
              ]
            }
          ],
          "ix": 6
        }
      },
      "ao": 0,
      "shapes": [
        {
          "ty": "gr",
          "it": [
            {
              "ind": 0,
              "ty": "sh",
              "ix": 1,
              "ks": {
                "a": 0,
                "k": {
                  "i": [
                    [
                      5.631,
                      4.149
                    ],
                    [
                      0,
                      0
                    ],
                    [
                      -3.308,
                      4.617
                    ],
                    [
                      6.638,
                      2.206
                    ],
                    [
                      -1.72,
                      5.413
                    ],
                    [
                      0,
                      0
                    ],
                    [
                      6.996,
                      0.047
                    ],
                    [
                      0.038,
                      5.681
                    ],
                    [
                      6.668,
                      -2.118
                    ],
                    [
                      1.791,
                      5.39
                    ],
                    [
                      5.687,
                      -4.075
                    ],
                    [
                      3.37,
                      4.573
                    ],
                    [
                      4.149,
                      -5.632
                    ],
                    [
                      4.617,
                      3.307
                    ],
                    [
                      2.206,
                      -6.639
                    ],
                    [
                      5.414,
                      1.719
                    ],
                    [
                      0.047,
                      -6.995
                    ],
                    [
                      5.68,
                      -0.037
                    ],
                    [
                      -2.117,
                      -6.667
                    ],
                    [
                      0,
                      0
                    ],
                    [
                      5.39,
                      -1.792
                    ],
                    [
                      -4.074,
                      -5.687
                    ],
                    [
                      4.573,
                      -3.369
                    ],
                    [
                      -5.631,
                      -4.15
                    ],
                    [
                      3.308,
                      -4.617
                    ],
                    [
                      -6.639,
                      -2.207
                    ],
                    [
                      1.719,
                      -5.414
                    ],
                    [
                      -6.995,
                      -0.046
                    ],
                    [
                      -0.038,
                      -5.68
                    ],
                    [
                      -6.667,
                      2.117
                    ],
                    [
                      -1.791,
                      -5.389
                    ],
                    [
                      -5.687,
                      4.074
                    ],
                    [
                      -3.37,
                      -4.573
                    ],
                    [
                      -4.15,
                      5.632
                    ],
                    [
                      -4.618,
                      -3.307
                    ],
                    [
                      -2.207,
                      6.639
                    ],
                    [
                      -5.414,
                      -1.72
                    ],
                    [
                      -0.047,
                      6.996
                    ],
                    [
                      -5.68,
                      0.039
                    ],
                    [
                      2.117,
                      6.668
                    ],
                    [
                      -5.39,
                      1.791
                    ],
                    [
                      4.074,
                      5.687
                    ],
                    [
                      -4.573,
                      3.369
                    ]
                  ],
                  "o": [
                    [
                      0,
                      0
                    ],
                    [
                      -4.573,
                      -3.369
                    ],
                    [
                      4.074,
                      -5.687
                    ],
                    [
                      -5.39,
                      -1.792
                    ],
                    [
                      0,
                      0
                    ],
                    [
                      2.117,
                      -6.667
                    ],
                    [
                      -5.68,
                      -0.037
                    ],
                    [
                      -0.047,
                      -6.995
                    ],
                    [
                      -5.414,
                      1.719
                    ],
                    [
                      -2.207,
                      -6.639
                    ],
                    [
                      -4.618,
                      3.307
                    ],
                    [
                      -4.15,
                      -5.632
                    ],
                    [
                      -3.37,
                      4.573
                    ],
                    [
                      -5.687,
                      -4.075
                    ],
                    [
                      -1.791,
                      5.39
                    ],
                    [
                      -6.667,
                      -2.118
                    ],
                    [
                      -0.038,
                      5.681
                    ],
                    [
                      -6.995,
                      0.047
                    ],
                    [
                      0,
                      0
                    ],
                    [
                      1.719,
                      5.413
                    ],
                    [
                      -6.639,
                      2.206
                    ],
                    [
                      3.308,
                      4.617
                    ],
                    [
                      -5.631,
                      4.149
                    ],
                    [
                      4.573,
                      3.369
                    ],
                    [
                      -4.074,
                      5.687
                    ],
                    [
                      5.39,
                      1.791
                    ],
                    [
                      -2.117,
                      6.668
                    ],
                    [
                      5.68,
                      0.039
                    ],
                    [
                      0.047,
                      6.996
                    ],
                    [
                      5.414,
                      -1.72
                    ],
                    [
                      2.206,
                      6.639
                    ],
                    [
                      4.617,
                      -3.307
                    ],
                    [
                      4.149,
                      5.632
                    ],
                    [
                      3.37,
                      -4.573
                    ],
                    [
                      5.687,
                      4.074
                    ],
                    [
                      1.791,
                      -5.389
                    ],
                    [
                      6.668,
                      2.117
                    ],
                    [
                      0.038,
                      -5.68
                    ],
                    [
                      6.996,
                      -0.046
                    ],
                    [
                      -1.72,
                      -5.414
                    ],
                    [
                      6.638,
                      -2.207
                    ],
                    [
                      -3.308,
                      -4.617
                    ],
                    [
                      5.631,
                      -4.15
                    ]
                  ],
                  "v": [
                    [
                      99.394,
                      -8.359
                    ],
                    [
                      99.394,
                      -8.359
                    ],
                    [
                      97.111,
                      -22.764
                    ],
                    [
                      91.945,
                      -38.664
                    ],
                    [
                      85.325,
                      -51.659
                    ],
                    [
                      85.325,
                      -51.66
                    ],
                    [
                      75.497,
                      -65.185
                    ],
                    [
                      65.184,
                      -75.498
                    ],
                    [
                      51.66,
                      -85.324
                    ],
                    [
                      38.665,
                      -91.945
                    ],
                    [
                      22.765,
                      -97.111
                    ],
                    [
                      8.359,
                      -99.393
                    ],
                    [
                      -8.358,
                      -99.393
                    ],
                    [
                      -22.764,
                      -97.111
                    ],
                    [
                      -38.664,
                      -91.945
                    ],
                    [
                      -51.659,
                      -85.324
                    ],
                    [
                      -65.184,
                      -75.498
                    ],
                    [
                      -75.497,
                      -65.185
                    ],
                    [
                      -85.324,
                      -51.66
                    ],
                    [
                      -85.324,
                      -51.659
                    ],
                    [
                      -91.945,
                      -38.664
                    ],
                    [
                      -97.111,
                      -22.764
                    ],
                    [
                      -99.393,
                      -8.359
                    ],
                    [
                      -99.393,
                      8.359
                    ],
                    [
                      -97.111,
                      22.764
                    ],
                    [
                      -91.945,
                      38.664
                    ],
                    [
                      -85.324,
                      51.659
                    ],
                    [
                      -75.497,
                      65.184
                    ],
                    [
                      -65.184,
                      75.497
                    ],
                    [
                      -51.659,
                      85.324
                    ],
                    [
                      -38.664,
                      91.945
                    ],
                    [
                      -22.764,
                      97.111
                    ],
                    [
                      -8.358,
                      99.393
                    ],
                    [
                      8.359,
                      99.393
                    ],
                    [
                      22.765,
                      97.111
                    ],
                    [
                      38.665,
                      91.945
                    ],
                    [
                      51.66,
                      85.324
                    ],
                    [
                      65.184,
                      75.497
                    ],
                    [
                      75.497,
                      65.184
                    ],
                    [
                      85.325,
                      51.659
                    ],
                    [
                      91.945,
                      38.664
                    ],
                    [
                      97.111,
                      22.764
                    ],
                    [
                      99.394,
                      8.359
                    ]
                  ],
                  "c": true
                },
                "ix": 2
              },
              "nm": "Path 1",
              "mn": "ADBE Vector Shape - Group",
              "hd": false
            },
            {
              "ty": "fl",
              "c": {
                "a": 0,
                "k": [
                  0.952999997606,
                  0.776000019148,
                  0.301999978458,
                  1
                ],
                "ix": 4
              },
              "o": {
                "a": 0,
                "k": 100,
                "ix": 5
              },
              "r": 1,
              "bm": 0,
              "nm": "Fill 1",
              "mn": "ADBE Vector Graphic - Fill",
              "hd": false
            },
            {
              "ty": "tr",
              "p": {
                "a": 0,
                "k": [
                  105.275,
                  105.275
                ],
                "ix": 2
              },
              "a": {
                "a": 0,
                "k": [
                  0,
                  0
                ],
                "ix": 1
              },
              "s": {
                "a": 0,
                "k": [
                  100,
                  100
                ],
                "ix": 3
              },
              "r": {
                "a": 0,
                "k": 0,
                "ix": 6
              },
              "o": {
                "a": 0,
                "k": 100,
                "ix": 7
              },
              "sk": {
                "a": 0,
                "k": 0,
                "ix": 4
              },
              "sa": {
                "a": 0,
                "k": 0,
                "ix": 5
              },
              "nm": "Transform"
            }
          ],
          "nm": "Group 1",
          "np": 2,
          "cix": 2,
          "bm": 0,
          "ix": 1,
          "mn": "ADBE Vector Group",
          "hd": false
        }
      ],
      "ip": 0,
      "op": 480,
      "st": 0,
      "bm": 0
    },
    {
      "ddd": 0,
      "ind": 10,
      "ty": 4,
      "nm": "Layer 15 Outlines",
      "sr": 1,
      "ks": {
        "o": {
          "a": 0,
          "k": 100,
          "ix": 11
        },
        "r": {
          "a": 0,
          "k": 0,
          "ix": 10
        },
        "p": {
          "a": 0,
          "k": [
            233.787,
            214.003,
            0
          ],
          "ix": 2
        },
        "a": {
          "a": 0,
          "k": [
            38.955,
            16.452,
            0
          ],
          "ix": 1
        },
        "s": {
          "a": 1,
          "k": [
            {
              "i": {
                "x": [
                  0.632,
                  0.453,
                  0.667
                ],
                "y": [
                  1,
                  1,
                  1
                ]
              },
              "o": {
                "x": [
                  0.333,
                  0.333,
                  0.333
                ],
                "y": [
                  0,
                  0,
                  0
                ]
              },
              "t": 33,
              "s": [
                50,
                20,
                100
              ]
            },
            {
              "i": {
                "x": [
                  0.632,
                  0.453,
                  0.667
                ],
                "y": [
                  1,
                  1,
                  1
                ]
              },
              "o": {
                "x": [
                  0.161,
                  0.161,
                  0.161
                ],
                "y": [
                  0,
                  0,
                  0
                ]
              },
              "t": 51,
              "s": [
                100,
                100,
                100
              ]
            },
            {
              "i": {
                "x": [
                  0.245,
                  0.833,
                  0.833
                ],
                "y": [
                  1,
                  1,
                  1
                ]
              },
              "o": {
                "x": [
                  0.765,
                  0.161,
                  0.161
                ],
                "y": [
                  -0.193,
                  0,
                  0
                ]
              },
              "t": 410,
              "s": [
                100,
                100,
                100
              ]
            },
            {
              "t": 426,
              "s": [
                0,
                0,
                100
              ]
            }
          ],
          "ix": 6
        }
      },
      "ao": 0,
      "shapes": [
        {
          "ty": "gr",
          "it": [
            {
              "ind": 0,
              "ty": "sh",
              "ix": 1,
              "ks": {
                "a": 0,
                "k": {
                  "i": [
                    [
                      0,
                      0
                    ],
                    [
                      0,
                      0
                    ],
                    [
                      0,
                      0
                    ],
                    [
                      0,
                      0
                    ],
                    [
                      0,
                      0
                    ]
                  ],
                  "o": [
                    [
                      0,
                      0
                    ],
                    [
                      0,
                      0
                    ],
                    [
                      0,
                      0
                    ],
                    [
                      0,
                      0
                    ],
                    [
                      0,
                      0
                    ]
                  ],
                  "v": [
                    [
                      6.201,
                      -102.1
                    ],
                    [
                      73.882,
                      70.742
                    ],
                    [
                      19.93,
                      50.898
                    ],
                    [
                      -6.201,
                      102.1
                    ],
                    [
                      -73.882,
                      -70.742
                    ]
                  ],
                  "c": true
                },
                "ix": 2
              },
              "nm": "Path 1",
              "mn": "ADBE Vector Shape - Group",
              "hd": false
            },
            {
              "ty": "fl",
              "c": {
                "a": 0,
                "k": [
                  0.352999997606,
                  0.773000021542,
                  0.944999964097,
                  1
                ],
                "ix": 4
              },
              "o": {
                "a": 0,
                "k": 100,
                "ix": 5
              },
              "r": 1,
              "bm": 0,
              "nm": "Fill 1",
              "mn": "ADBE Vector Graphic - Fill",
              "hd": false
            },
            {
              "ty": "tr",
              "p": {
                "a": 0,
                "k": [
                  74.132,
                  102.35
                ],
                "ix": 2
              },
              "a": {
                "a": 0,
                "k": [
                  0,
                  0
                ],
                "ix": 1
              },
              "s": {
                "a": 0,
                "k": [
                  100,
                  100
                ],
                "ix": 3
              },
              "r": {
                "a": 0,
                "k": 0,
                "ix": 6
              },
              "o": {
                "a": 0,
                "k": 100,
                "ix": 7
              },
              "sk": {
                "a": 0,
                "k": 0,
                "ix": 4
              },
              "sa": {
                "a": 0,
                "k": 0,
                "ix": 5
              },
              "nm": "Transform"
            }
          ],
          "nm": "Group 1",
          "np": 2,
          "cix": 2,
          "bm": 0,
          "ix": 1,
          "mn": "ADBE Vector Group",
          "hd": false
        }
      ],
      "ip": 33,
      "op": 513,
      "st": 33,
      "bm": 0
    },
    {
      "ddd": 0,
      "ind": 11,
      "ty": 4,
      "nm": "Layer 16 Outlines",
      "sr": 1,
      "ks": {
        "o": {
          "a": 0,
          "k": 100,
          "ix": 11
        },
        "r": {
          "a": 0,
          "k": 0,
          "ix": 10
        },
        "p": {
          "a": 0,
          "k": [
            249.467,
            213.211,
            0
          ],
          "ix": 2
        },
        "a": {
          "a": 0,
          "k": [
            93.629,
            15.66,
            0
          ],
          "ix": 1
        },
        "s": {
          "a": 1,
          "k": [
            {
              "i": {
                "x": [
                  0.632,
                  0.453,
                  0.667
                ],
                "y": [
                  1.29,
                  1.328,
                  1
                ]
              },
              "o": {
                "x": [
                  0.333,
                  0.333,
                  0.333
                ],
                "y": [
                  0,
                  0,
                  0
                ]
              },
              "t": 33,
              "s": [
                50,
                20,
                100
              ]
            },
            {
              "i": {
                "x": [
                  0.67,
                  0.662,
                  0.674
                ],
                "y": [
                  1,
                  1,
                  1
                ]
              },
              "o": {
                "x": [
                  0.168,
                  0.17,
                  0.167
                ],
                "y": [
                  0,
                  0,
                  0
                ]
              },
              "t": 52,
              "s": [
                100,
                100,
                100
              ]
            },
            {
              "i": {
                "x": [
                  0.279,
                  0.833,
                  0.833
                ],
                "y": [
                  1,
                  1,
                  1
                ]
              },
              "o": {
                "x": [
                  0.735,
                  0.167,
                  0.167
                ],
                "y": [
                  -0.197,
                  0,
                  0
                ]
              },
              "t": 413,
              "s": [
                100,
                100,
                100
              ]
            },
            {
              "t": 430,
              "s": [
                0,
                0,
                100
              ]
            }
          ],
          "ix": 6
        }
      },
      "ao": 0,
      "shapes": [
        {
          "ty": "gr",
          "it": [
            {
              "ind": 0,
              "ty": "sh",
              "ix": 1,
              "ks": {
                "a": 0,
                "k": {
                  "i": [
                    [
                      0,
                      0
                    ],
                    [
                      0,
                      0
                    ],
                    [
                      0,
                      0
                    ],
                    [
                      0,
                      0
                    ],
                    [
                      0,
                      0
                    ]
                  ],
                  "o": [
                    [
                      0,
                      0
                    ],
                    [
                      0,
                      0
                    ],
                    [
                      0,
                      0
                    ],
                    [
                      0,
                      0
                    ],
                    [
                      0,
                      0
                    ]
                  ],
                  "v": [
                    [
                      -6.201,
                      -102.1
                    ],
                    [
                      -73.882,
                      70.742
                    ],
                    [
                      -19.93,
                      50.898
                    ],
                    [
                      6.201,
                      102.1
                    ],
                    [
                      73.882,
                      -70.742
                    ]
                  ],
                  "c": true
                },
                "ix": 2
              },
              "nm": "Path 1",
              "mn": "ADBE Vector Shape - Group",
              "hd": false
            },
            {
              "ty": "fl",
              "c": {
                "a": 0,
                "k": [
                  0.344999994016,
                  0.603999956916,
                  0.969000004787,
                  1
                ],
                "ix": 4
              },
              "o": {
                "a": 0,
                "k": 100,
                "ix": 5
              },
              "r": 1,
              "bm": 0,
              "nm": "Fill 1",
              "mn": "ADBE Vector Graphic - Fill",
              "hd": false
            },
            {
              "ty": "tr",
              "p": {
                "a": 0,
                "k": [
                  74.132,
                  102.35
                ],
                "ix": 2
              },
              "a": {
                "a": 0,
                "k": [
                  0,
                  0
                ],
                "ix": 1
              },
              "s": {
                "a": 0,
                "k": [
                  100,
                  100
                ],
                "ix": 3
              },
              "r": {
                "a": 0,
                "k": 0,
                "ix": 6
              },
              "o": {
                "a": 0,
                "k": 100,
                "ix": 7
              },
              "sk": {
                "a": 0,
                "k": 0,
                "ix": 4
              },
              "sa": {
                "a": 0,
                "k": 0,
                "ix": 5
              },
              "nm": "Transform"
            }
          ],
          "nm": "Group 1",
          "np": 2,
          "cix": 2,
          "bm": 0,
          "ix": 1,
          "mn": "ADBE Vector Group",
          "hd": false
        }
      ],
      "ip": 33,
      "op": 513,
      "st": 33,
      "bm": 0
    },
    {
      "ddd": 0,
      "ind": 12,
      "ty": 4,
      "nm": "Layer 4 Outlines",
      "sr": 1,
      "ks": {
        "o": {
          "a": 0,
          "k": 100,
          "ix": 11
        },
        "r": {
          "a": 0,
          "k": 0,
          "ix": 10
        },
        "p": {
          "a": 0,
          "k": [
            251.629,
            250.094,
            0
          ],
          "ix": 2
        },
        "a": {
          "a": 0,
          "k": [
            194.553,
            194.552,
            0
          ],
          "ix": 1
        },
        "s": {
          "a": 0,
          "k": [
            100,
            100,
            100
          ],
          "ix": 6
        }
      },
      "ao": 0,
      "shapes": [
        {
          "ty": "gr",
          "it": [
            {
              "ind": 0,
              "ty": "sh",
              "ix": 1,
              "ks": {
                "a": 0,
                "k": {
                  "i": [
                    [
                      0,
                      -107.31
                    ],
                    [
                      107.311,
                      0
                    ],
                    [
                      0,
                      107.311
                    ],
                    [
                      -107.31,
                      0
                    ]
                  ],
                  "o": [
                    [
                      0,
                      107.311
                    ],
                    [
                      -107.31,
                      0
                    ],
                    [
                      0,
                      -112.644
                    ],
                    [
                      107.311,
                      0
                    ]
                  ],
                  "v": [
                    [
                      194.303,
                      0
                    ],
                    [
                      0,
                      194.303
                    ],
                    [
                      -194.303,
                      0
                    ],
                    [
                      0,
                      -194.302
                    ]
                  ],
                  "c": true
                },
                "ix": 2
              },
              "nm": "Path 1",
              "mn": "ADBE Vector Shape - Group",
              "hd": false
            },
            {
              "ty": "fl",
              "c": {
                "a": 0,
                "k": [
                  0.093999997307,
                  0.234999997008,
                  0.349000010771,
                  1
                ],
                "ix": 4
              },
              "o": {
                "a": 0,
                "k": 100,
                "ix": 5
              },
              "r": 1,
              "bm": 0,
              "nm": "Fill 1",
              "mn": "ADBE Vector Graphic - Fill",
              "hd": false
            },
            {
              "ty": "tr",
              "p": {
                "a": 0,
                "k": [
                  194.553,
                  194.552
                ],
                "ix": 2
              },
              "a": {
                "a": 0,
                "k": [
                  0,
                  0
                ],
                "ix": 1
              },
              "s": {
                "a": 0,
                "k": [
                  100,
                  100
                ],
                "ix": 3
              },
              "r": {
                "a": 0,
                "k": 0,
                "ix": 6
              },
              "o": {
                "a": 0,
                "k": 100,
                "ix": 7
              },
              "sk": {
                "a": 0,
                "k": 0,
                "ix": 4
              },
              "sa": {
                "a": 0,
                "k": 0,
                "ix": 5
              },
              "nm": "Transform"
            }
          ],
          "nm": "Group 1",
          "np": 2,
          "cix": 2,
          "bm": 0,
          "ix": 1,
          "mn": "ADBE Vector Group",
          "hd": false
        }
      ],
      "ip": 0,
      "op": 480,
      "st": 0,
      "bm": 0
    },
    {
      "ddd": 0,
      "ind": 13,
      "ty": 4,
      "nm": "Layer 5 Outlines",
      "sr": 1,
      "ks": {
        "o": {
          "a": 0,
          "k": 100,
          "ix": 11
        },
        "r": {
          "a": 0,
          "k": 0,
          "ix": 10
        },
        "p": {
          "a": 0,
          "k": [
            250.682,
            249.583,
            0
          ],
          "ix": 2
        },
        "a": {
          "a": 0,
          "k": [
            216,
            216,
            0
          ],
          "ix": 1
        },
        "s": {
          "a": 0,
          "k": [
            100,
            100,
            100
          ],
          "ix": 6
        }
      },
      "ao": 0,
      "shapes": [
        {
          "ty": "gr",
          "it": [
            {
              "ind": 0,
              "ty": "sh",
              "ix": 1,
              "ks": {
                "a": 0,
                "k": {
                  "i": [
                    [
                      0,
                      -119.156
                    ],
                    [
                      119.155,
                      0
                    ],
                    [
                      0,
                      119.155
                    ],
                    [
                      -119.156,
                      0
                    ]
                  ],
                  "o": [
                    [
                      0,
                      119.155
                    ],
                    [
                      -119.156,
                      0
                    ],
                    [
                      0,
                      -119.156
                    ],
                    [
                      119.155,
                      0
                    ]
                  ],
                  "v": [
                    [
                      215.75,
                      0
                    ],
                    [
                      0,
                      215.75
                    ],
                    [
                      -215.75,
                      0
                    ],
                    [
                      0,
                      -215.75
                    ]
                  ],
                  "c": true
                },
                "ix": 2
              },
              "nm": "Path 1",
              "mn": "ADBE Vector Shape - Group",
              "hd": false
            },
            {
              "ty": "fl",
              "c": {
                "a": 0,
                "k": [
                  0.39199999641,
                  0.838999968884,
                  0.663000009574,
                  1
                ],
                "ix": 4
              },
              "o": {
                "a": 0,
                "k": 100,
                "ix": 5
              },
              "r": 1,
              "bm": 0,
              "nm": "Fill 1",
              "mn": "ADBE Vector Graphic - Fill",
              "hd": false
            },
            {
              "ty": "tr",
              "p": {
                "a": 0,
                "k": [
                  216,
                  216
                ],
                "ix": 2
              },
              "a": {
                "a": 0,
                "k": [
                  0,
                  0
                ],
                "ix": 1
              },
              "s": {
                "a": 0,
                "k": [
                  100,
                  100
                ],
                "ix": 3
              },
              "r": {
                "a": 0,
                "k": 0,
                "ix": 6
              },
              "o": {
                "a": 0,
                "k": 100,
                "ix": 7
              },
              "sk": {
                "a": 0,
                "k": 0,
                "ix": 4
              },
              "sa": {
                "a": 0,
                "k": 0,
                "ix": 5
              },
              "nm": "Transform"
            }
          ],
          "nm": "Group 1",
          "np": 2,
          "cix": 2,
          "bm": 0,
          "ix": 1,
          "mn": "ADBE Vector Group",
          "hd": false
        }
      ],
      "ip": 0,
      "op": 480,
      "st": 0,
      "bm": 0
    }
  ],
  "markers": []
}